,Date,Active Power (kw),Wind Speed (miles/hr)
0,1/1/2018 0:20,380.0645243,12.07913275
1,1/1/2018 0:50,400.8961995,12.55793299
2,1/1/2018 1:20,432.8330383,12.4401354
3,1/1/2018 1:50,488.2412109,12.81136017
4,1/1/2018 2:20,706.8480225,14.35559449
5,1/1/2018 2:50,760.4627279,14.51004701
6,1/1/2018 3:20,748.9193726,14.22144898
7,1/1/2018 3:50,1069.804789,16.25218408
8,1/1/2018 4:20,1618.41036,18.31026434
9,1/1/2018 4:50,1168.626017,16.35670963
10,1/1/2018 5:20,1134.510986,15.88339769
11,1/1/2018 5:50,1164.687337,16.49341725
12,1/1/2018 6:20,1130.847697,16.18662349
13,1/1/2018 6:50,1069.301086,15.95225887
14,1/1/2018 7:20,978.4399414,15.78746584
15,1/1/2018 7:50,878.045695,14.65613907
16,1/1/2018 8:20,531.4756978,12.73946719
17,1/1/2018 8:50,697.830485,14.03664014
18,1/1/2018 9:20,587.7674459,12.77343308
19,1/1/2018 9:50,755.2493693,14.00261167
20,1/1/2018 10:20,707.6755981,14.05
21,1/1/2018 10:50,335.5754954,11.27850992
22,1/1/2018 11:20,175.9052989,9.47888559
23,1/1/2018 11:50,192.4595642,9.758881931
24,1/1/2018 12:20,117.5723877,8.697006569
25,1/1/2018 12:50,137.0792478,8.740922048
26,1/1/2018 13:20,365.0746053,11.47093219
27,1/1/2018 13:50,704.2529907,14.33642384
28,1/1/2018 14:20,1060.220378,16.10031892
29,1/1/2018 14:50,1598.180013,18.86494045
30,1/1/2018 15:20,1766.510295,19.22345424
31,1/1/2018 15:50,2549.062337,22.80406876
32,1/1/2018 16:20,2580.615723,22.74562881
33,1/1/2018 16:50,2356.189616,21.63733613
34,1/1/2018 17:20,1950.284953,19.79767007
35,1/1/2018 17:50,1867.447998,19.33881239
36,1/1/2018 18:20,2238.555664,22.0615026
37,1/1/2018 18:50,2672.180013,23.54433806
38,1/1/2018 19:20,2869.275391,24.92032515
39,1/1/2018 19:50,3199.864339,25.66640276
40,1/1/2018 20:20,3230.460693,25.68073506
41,1/1/2018 20:50,3181.371989,25.67611146
42,1/1/2018 21:20,3603.321289,29.35542297
43,1/1/2018 21:50,3587.805664,29.45372174
44,1/1/2018 22:20,3481.083984,28.80673932
45,1/1/2018 22:50,3549.062663,28.3037932
46,1/1/2018 23:20,3536.236328,28.06449957
47,1/1/2018 23:50,3373.228678,29.18817484
48,2/1/2018 0:20,999.574707,16.06411945
49,2/1/2018 0:50,1257.54128,17.22294177
50,2/1/2018 1:20,1825.71696,20.06078995
51,2/1/2018 1:50,2610.048665,23.39309405
52,2/1/2018 2:20,3298.51359,26.35848267
53,2/1/2018 2:50,3541.535645,28.25535562
54,2/1/2018 3:20,3601.740723,30.62206004
55,2/1/2018 3:50,3603.398682,31.3626671
56,2/1/2018 4:20,3603.640625,31.85122902
57,2/1/2018 4:50,3603.445638,34.07435299
58,2/1/2018 5:20,3603.496012,35.38047979
59,2/1/2018 5:50,3603.479655,35.97708046
60,2/1/2018 6:20,3603.193278,36.33459374
61,2/1/2018 6:50,3603.17806,35.93494897
62,2/1/2018 7:20,3603.09432,36.07884515
63,2/1/2018 7:50,3595.582275,33.00276891
64,2/1/2018 8:20,3440.491048,30.11941256
65,2/1/2018 8:50,3597.647054,31.31718203
66,2/1/2018 9:20,3544.576579,30.55081451
67,2/1/2018 9:50,3455.384359,28.48561113
68,2/1/2018 10:20,3547.046061,30.75631364
69,2/1/2018 10:50,3578.573975,30.60141385
70,2/1/2018 11:20,3407.478678,27.12150373
71,2/1/2018 11:50,3484.965983,29.28582436
72,2/1/2018 12:20,3595.248291,32.87802206
73,2/1/2018 12:50,3588.052653,31.03316566
74,2/1/2018 13:20,3509.602295,28.64747691
75,2/1/2018 13:50,3440.629964,26.9852882
76,2/1/2018 14:20,3372.069987,26.77267519
77,2/1/2018 14:50,3412.394287,26.52983243
78,2/1/2018 15:20,3595.686361,31.08808992
79,2/1/2018 15:50,3599.974365,33.90558309
80,2/1/2018 16:20,3602.666992,34.16565662
81,2/1/2018 16:50,3602.746989,35.25814926
82,2/1/2018 17:20,3602.355306,39.98555709
83,2/1/2018 17:50,3602.301351,40.3543527
84,2/1/2018 18:20,3602.261393,39.76739602
85,2/1/2018 18:50,3602.436768,42.66400026
86,2/1/2018 19:20,3602.804606,40.39127752
87,2/1/2018 19:50,3602.69401,35.59433866
88,2/1/2018 20:20,3567.245361,38.8444185
89,2/1/2018 20:50,3602.71167,41.58337948
90,2/1/2018 21:20,3603.021322,42.35977713
91,2/1/2018 21:50,3602.892415,44.43052643
92,2/1/2018 22:20,3602.609701,46.52228173
93,2/1/2018 22:50,3602.399658,48.50811808
94,2/1/2018 23:20,3601.942627,44.39572785
95,2/1/2018 23:50,3602.516683,42.86427419
96,3/1/2018 0:20,0,9.716904922
97,3/1/2018 0:50,0,11.82117121
98,3/1/2018 1:20,0,13.32297324
99,3/1/2018 1:50,0,13.751977
100,3/1/2018 2:20,0,13.55427762
101,3/1/2018 2:50,0,10.13437759
102,3/1/2018 3:20,0,8.75483462
103,3/1/2018 3:50,0,8.357353219
104,3/1/2018 4:20,0,7.863854459
105,3/1/2018 4:50,0,8.846265538
106,3/1/2018 5:20,0,9.327461844
107,3/1/2018 5:50,0,7.702138013
108,3/1/2018 6:20,0,8.08956387
109,3/1/2018 6:50,0,6.555156472
110,3/1/2018 7:20,0,3.240009187
111,3/1/2018 7:50,0,2.932721028
112,3/1/2018 8:20,0,2.418871489
113,3/1/2018 8:50,0,5.412362714
114,3/1/2018 9:20,0,6.378787374
115,3/1/2018 9:50,0,8.903565593
116,3/1/2018 10:20,0,8.268508764
117,3/1/2018 10:50,0,8.600634013
118,3/1/2018 11:20,0,10.43484182
119,3/1/2018 11:50,0,9.69108989
120,3/1/2018 12:20,0,7.854208686
121,3/1/2018 12:50,0,7.894204379
122,3/1/2018 13:20,0,9.11524172
123,3/1/2018 13:50,0,9.962512626
124,3/1/2018 14:20,0,11.47987788
125,3/1/2018 14:50,0,11.83690404
126,3/1/2018 15:20,0,13.02537405
127,3/1/2018 15:50,0,14.59854284
128,3/1/2018 16:20,272.8210653,18.98089877
129,3/1/2018 16:50,1358.517782,20.74717463
130,3/1/2018 17:20,1913.647705,20.55548301
131,3/1/2018 17:50,2178.76473,21.28268364
132,3/1/2018 18:20,2691.396322,23.51469214
133,3/1/2018 18:50,2650.46932,22.95966829
134,3/1/2018 19:20,3137.573405,24.46396631
135,3/1/2018 19:50,3292.170003,25.44622219
136,3/1/2018 20:20,3322.049072,25.89331891
137,3/1/2018 20:50,3592.306966,28.75376847
138,3/1/2018 21:20,3603.095296,28.65476857
139,3/1/2018 21:50,3547.590983,30.32496573
140,3/1/2018 22:20,3468.978678,31.54234604
141,3/1/2018 22:50,3460.496094,31.88207672
142,3/1/2018 23:20,3460.385335,33.65004287
143,3/1/2018 23:50,3460.577718,33.24801948
144,4/1/2018 0:20,3603.409993,40.33867287
145,4/1/2018 0:50,3603.065674,43.02863736
146,4/1/2018 1:20,3602.993652,44.30017253
147,4/1/2018 1:50,3602.780029,44.46288166
148,4/1/2018 2:20,3603.092936,46.03981184
149,4/1/2018 2:50,3603.286051,42.65240642
150,4/1/2018 3:20,3603.237956,43.78500605
151,4/1/2018 3:50,3603.385661,43.32246699
152,4/1/2018 4:20,3602.819336,43.26012307
153,4/1/2018 4:50,3602.409993,46.88436029
154,4/1/2018 5:20,3601.95931,41.07150829
155,4/1/2018 5:50,3602.013346,43.89642043
156,4/1/2018 6:20,3602.832682,39.82128919
157,4/1/2018 6:50,3602.826009,41.6937656
158,4/1/2018 7:20,3602.693685,42.21224295
159,4/1/2018 7:50,3602.789388,41.23289762
160,4/1/2018 8:20,3601.312988,41.14644587
161,4/1/2018 8:50,3603.220378,42.25034677
162,4/1/2018 9:20,3603.165283,38.12313994
163,4/1/2018 9:50,3596.277425,35.94426372
164,4/1/2018 10:20,3590.980957,38.50165923
165,4/1/2018 10:50,3471.491292,33.09527361
166,4/1/2018 11:20,3518.104655,34.28282736
167,4/1/2018 11:50,3602.223307,40.18680523
168,4/1/2018 12:20,3602.575033,41.87390674
169,4/1/2018 12:50,3603.089681,40.68498056
170,4/1/2018 13:20,3601.445638,37.2791419
171,4/1/2018 13:50,3595.750651,34.69077142
172,4/1/2018 14:20,3603.506022,39.8242872
173,4/1/2018 14:50,3602.948324,42.35179998
174,4/1/2018 15:20,3602.131348,40.02330818
175,4/1/2018 15:50,241.8027344,36.36212342
176,4/1/2018 16:20,0,33.74420301
177,4/1/2018 16:50,2156.994059,31.68069277
178,4/1/2018 17:20,3551.098958,31.07348312
179,4/1/2018 17:50,3282.179606,27.68278884
180,4/1/2018 18:20,1805.012695,24.06025901
181,4/1/2018 18:50,738.7186686,25.76119009
182,4/1/2018 19:20,612.4969889,22.37023342
183,4/1/2018 19:50,1518.796997,20.83800822
184,4/1/2018 20:20,307.4164429,19.71747531
185,4/1/2018 20:50,2419.997274,22.47066334
186,4/1/2018 21:20,2866.302083,24.26205968
187,4/1/2018 21:50,2795.566976,23.2043649
188,4/1/2018 22:20,1328.150635,22.6468266
189,4/1/2018 22:50,1428.935994,17.16505434
190,4/1/2018 23:20,894.1152751,14.65515455
191,4/1/2018 23:50,1170.063721,16.13161959
192,5/1/2018 0:20,323.633433,12.17140597
193,5/1/2018 0:50,160.7188314,10.76941166
194,5/1/2018 1:20,124.5483958,9.717307585
195,5/1/2018 1:50,64.07306671,8.409713235
196,5/1/2018 2:20,56.8111945,8.946276992
197,5/1/2018 2:50,128.4787013,9.404517081
198,5/1/2018 3:20,87.92578125,8.656935321
199,5/1/2018 3:50,28.7902565,7.971136419
200,5/1/2018 4:20,40.39225769,8.880030004
201,5/1/2018 4:50,76.0663147,9.328223435
202,5/1/2018 5:20,22.01507384,7.961101674
203,5/1/2018 5:50,0,5.553891181
204,5/1/2018 5:50,0,5.553891181
205,5/1/2018 6:20,0,4.133749499
206,5/1/2018 6:20,0,4.133749499
207,5/1/2018 6:50,0,3.506170108
208,5/1/2018 7:20,0,4.855980752
209,5/1/2018 7:50,0,3.544156311
210,5/1/2018 8:20,0,3.950805086
211,5/1/2018 8:50,0,3.857461387
212,5/1/2018 9:20,0,3.710986482
213,5/1/2018 9:50,0,4.4560128
214,5/1/2018 10:20,0,4.064199565
215,5/1/2018 10:50,0,2.772868298
216,5/1/2018 11:20,0,3.631884597
217,5/1/2018 11:50,0,4.686566873
218,5/1/2018 12:20,0,4.398939586
219,5/1/2018 12:50,0,4.349607451
220,5/1/2018 13:20,0,3.9651581
221,5/1/2018 13:50,0,4.689451733
222,5/1/2018 14:20,0,6.49215763
223,5/1/2018 14:50,0,7.659721011
224,5/1/2018 15:20,67.06885783,9.133228565
225,5/1/2018 15:50,42.72434855,8.215655066
226,5/1/2018 16:20,101.8123474,9.061582873
227,5/1/2018 16:50,75.78513972,8.831703904
228,5/1/2018 17:20,88.10813268,9.222998343
229,5/1/2018 17:50,0.942869027,7.333449039
230,5/1/2018 18:20,0,6.206749432
231,5/1/2018 18:50,27.79511929,7.906641236
232,5/1/2018 19:20,119.864933,9.086025476
233,5/1/2018 19:50,60.38962619,8.011165178
234,5/1/2018 20:20,66.21422259,8.13421836
235,5/1/2018 20:50,88.23095194,8.867762391
236,5/1/2018 21:20,19.70305761,7.571499661
237,5/1/2018 21:50,0,6.554094085
238,5/1/2018 22:20,0,7.901099601
239,5/1/2018 22:50,7.438217878,7.66728698
240,5/1/2018 23:20,0,6.121683074
241,5/1/2018 23:50,0,6.178952552
242,6/1/2018 0:20,672.079895,14.32920649
243,6/1/2018 0:50,636.6495565,14.5562286
244,6/1/2018 1:20,423.6882324,12.84423558
245,6/1/2018 1:50,396.2386983,12.53024722
246,6/1/2018 2:20,440.5222371,12.81241687
247,6/1/2018 2:50,681.5291341,14.67910738
248,6/1/2018 3:20,1055.225505,16.44620278
249,6/1/2018 3:50,1324.404012,17.45540098
250,6/1/2018 4:20,2025.084351,21.14096771
251,6/1/2018 4:50,2216.131673,22.05954635
252,6/1/2018 5:20,1426.711711,18.13970496
253,6/1/2018 5:50,1642.335978,19.31710167
254,6/1/2018 5:50,1642.335978,19.31710167
255,6/1/2018 6:20,1811.634684,20.22746137
256,6/1/2018 6:20,1811.634684,20.22746137
257,6/1/2018 6:50,1432.329631,18.12803432
258,6/1/2018 7:20,1450.623657,18.21255935
259,6/1/2018 7:50,899.6000773,15.28616769
260,6/1/2018 8:20,1022.322266,15.84336608
261,6/1/2018 8:50,1395.694336,17.61701929
262,6/1/2018 9:20,1338.03597,17.18781856
263,6/1/2018 9:50,1006.744303,15.35969656
264,6/1/2018 10:20,1014.610962,15.63197546
265,6/1/2018 10:50,893.5507609,15.04861946
266,6/1/2018 11:20,745.1819865,14.22588022
267,6/1/2018 11:50,695.3432007,13.96605417
268,6/1/2018 12:20,706.2713826,14.33325267
269,6/1/2018 12:50,628.2534587,14.070515
270,6/1/2018 13:20,817.5779419,15.00892847
271,6/1/2018 13:50,1396.01237,17.70767688
272,6/1/2018 14:20,2131.728678,21.51027606
273,6/1/2018 14:50,1942.815999,20.6520417
274,6/1/2018 15:20,2311.104411,22.09473036
275,6/1/2018 15:50,2482.207357,23.25433346
276,6/1/2018 16:20,2133.402669,21.1592566
277,6/1/2018 16:50,2247.032308,22.37784507
278,6/1/2018 17:20,3087.839355,26.50307145
279,6/1/2018 17:50,3599.727376,29.84014563
280,6/1/2018 18:20,3530.754313,29.35267242
281,6/1/2018 18:50,3591.096354,29.92300918
282,6/1/2018 19:20,3588.871419,30.76614182
283,6/1/2018 19:50,3492.668701,28.9589028
284,6/1/2018 20:20,3590.692057,30.26239781
285,6/1/2018 20:50,3569.617025,28.05738639
286,6/1/2018 21:20,3374.899984,27.42493681
287,6/1/2018 21:50,1734.951335,19.75735011
288,6/1/2018 22:20,1693.202311,19.69007007
289,6/1/2018 22:50,1819.921672,20.21054563
290,6/1/2018 23:20,1504.510295,18.90301723
291,6/1/2018 23:50,1148.240336,17.49088045
292,7/1/2018 0:20,1416.329305,17.99843347
293,7/1/2018 0:50,1466.930664,18.36286506
294,7/1/2018 1:20,1599.792969,19.12130378
295,7/1/2018 1:50,1436.362712,18.22670143
296,7/1/2018 2:20,1231.474325,17.43774249
297,7/1/2018 2:50,984.646403,16.32869461
298,7/1/2018 3:20,730.3922526,14.90016333
299,7/1/2018 3:50,903.0692749,15.80871291
300,7/1/2018 4:20,873.2652588,15.8322053
301,7/1/2018 4:50,564.8279724,13.93591616
302,7/1/2018 5:20,119.0604057,9.367862687
303,7/1/2018 5:50,0,5.802670052
304,7/1/2018 5:50,0,5.802670052
305,7/1/2018 6:20,0,3.725217096
306,7/1/2018 6:20,0,3.725217096
307,7/1/2018 6:50,0,6.157849117
308,7/1/2018 7:20,0,5.730240903
309,7/1/2018 7:50,0,5.656528744
310,7/1/2018 8:20,0,6.648248352
311,7/1/2018 8:50,0,4.145972222
312,7/1/2018 9:20,0,5.05475212
313,7/1/2018 9:50,0,5.438899607
314,7/1/2018 10:20,3.192372322,6.941370073
315,7/1/2018 10:50,24.98135694,7.560958609
316,7/1/2018 11:20,39.39917247,7.560096576
317,7/1/2018 11:50,0,5.975692162
318,7/1/2018 12:20,18.88417053,7.562769081
319,7/1/2018 12:50,19.91148742,7.091720231
320,7/1/2018 13:20,23.6805795,7.344950791
321,7/1/2018 13:50,130.3100421,9.34693525
322,7/1/2018 14:20,232.0455017,10.71071927
323,7/1/2018 14:50,150.6503957,9.638102324
324,7/1/2018 15:20,126.0198619,9.174326291
325,7/1/2018 15:50,154.7788315,9.619136824
326,7/1/2018 16:20,709.1610921,14.76547879
327,7/1/2018 16:50,798.6513265,15.58946353
328,7/1/2018 17:20,738.9640299,15.35686743
329,7/1/2018 17:50,597.1981913,14.49151635
330,7/1/2018 18:20,462.590505,13.35736828
331,7/1/2018 18:50,348.7783305,12.46147137
332,7/1/2018 19:20,298.9265289,11.73816581
333,7/1/2018 19:50,128.5747426,9.404291128
334,7/1/2018 20:20,214.2341003,10.80372279
335,7/1/2018 20:50,251.2044627,11.19720477
336,7/1/2018 21:20,253.5991923,11.18865125
337,7/1/2018 21:50,278.7092285,11.49633212
338,7/1/2018 22:20,442.4710693,13.06557632
339,7/1/2018 22:50,413.2834574,12.96497892
340,7/1/2018 23:20,439.5460714,13.14110446
341,7/1/2018 23:50,551.7474976,13.96575693
342,8/1/2018 0:20,1126.134318,17.45523813
343,8/1/2018 0:50,1051.978027,16.90783128
344,8/1/2018 1:20,1195.312337,17.89477299
345,8/1/2018 1:50,1071.142598,16.97951697
346,8/1/2018 2:20,1068.475993,17.17245587
347,8/1/2018 2:50,1143.639323,17.66321368
348,8/1/2018 3:20,981.288147,16.8093359
349,8/1/2018 3:50,896.6818237,15.84168397
350,8/1/2018 4:20,861.7310588,15.70557793
351,8/1/2018 4:50,437.2147013,12.91983981
352,8/1/2018 5:20,315.3158773,11.48113084
353,8/1/2018 5:50,426.8610636,12.350505
354,8/1/2018 5:50,426.8610636,12.350505
355,8/1/2018 6:20,651.3420512,14.14403001
356,8/1/2018 6:20,651.3420512,14.14403001
357,8/1/2018 6:50,858.9765625,15.39236468
358,8/1/2018 7:20,669.7132161,13.89983865
359,8/1/2018 7:50,1163.617167,16.33937575
360,8/1/2018 8:20,1040.151815,15.83112052
361,8/1/2018 8:50,963.9064128,15.41454437
362,8/1/2018 9:20,706.4235433,14.25510375
363,8/1/2018 9:50,337.7961324,11.47525606
364,8/1/2018 10:20,432.9201406,12.38170504
365,8/1/2018 10:50,487.8005066,13.16317038
366,8/1/2018 11:20,632.3308105,14.26922024
367,8/1/2018 11:50,577.2010498,13.79860018
368,8/1/2018 12:20,398.7016907,12.34430453
369,8/1/2018 12:50,349.3829651,11.87048948
370,8/1/2018 13:20,315.2576396,11.60491629
371,8/1/2018 13:50,612.8428141,14.12232818
372,8/1/2018 14:20,823.9541016,15.37255901
373,8/1/2018 14:50,840.3617757,15.3493475
374,8/1/2018 15:20,1059.726217,16.51557952
375,8/1/2018 15:50,944.1473999,16.05401858
376,8/1/2018 16:20,1107.261353,16.80154682
377,8/1/2018 16:50,932.0876058,16.01587958
378,8/1/2018 17:20,1149.573975,17.07739334
379,8/1/2018 17:50,998.0540365,16.25267225
380,8/1/2018 18:20,1173.201335,17.13245377
381,8/1/2018 18:50,1294.659017,17.70078486
382,8/1/2018 19:20,1420.18929,18.4533527
383,8/1/2018 19:50,861.1776326,15.53860536
384,8/1/2018 20:20,504.6794027,13.13948492
385,8/1/2018 20:50,736.7249247,14.58475347
386,8/1/2018 21:20,1353.861226,18.12335561
387,8/1/2018 21:50,1879.519328,21.00304125
388,8/1/2018 22:20,1128.408,17.22879664
389,8/1/2018 22:50,1106.192668,17.21899087
390,8/1/2018 23:20,1373.033651,18.18140659
391,8/1/2018 23:50,1646.010986,19.68447368
392,9/1/2018 0:20,3295.973958,27.72400799
393,9/1/2018 0:50,3114.686035,26.33103546
394,9/1/2018 1:20,3165.84196,26.83207228
395,9/1/2018 1:50,3183.98763,27.4569102
396,9/1/2018 2:20,3064.054688,26.92923115
397,9/1/2018 2:50,2929.038005,25.69506595
398,9/1/2018 3:20,3009.95931,26.13741392
399,9/1/2018 3:50,3517.391683,29.99309345
400,9/1/2018 4:20,3477.237305,28.67332838
401,9/1/2018 4:50,3599.314046,30.78720614
402,9/1/2018 5:20,3128.604329,27.45828191
403,9/1/2018 5:50,2827.256999,24.88791091
404,9/1/2018 5:50,2827.256999,24.88791091
405,9/1/2018 6:20,3296.617025,27.9693254
406,9/1/2018 6:20,3296.617025,27.9693254
407,9/1/2018 6:50,3308.725586,28.45948373
408,9/1/2018 7:20,3305.049967,28.52550335
409,9/1/2018 7:50,2497.15568,23.16119093
410,9/1/2018 8:20,1658.866659,18.98757213
411,9/1/2018 8:50,1036.10317,16.08548884
412,9/1/2018 9:20,1228.028646,17.07587015
413,9/1/2018 9:50,1514.164307,18.50362954
414,9/1/2018 10:20,1350.896322,17.64565083
415,9/1/2018 10:50,1204.640991,17.06331668
416,9/1/2018 11:20,1057.58549,15.94545432
417,9/1/2018 11:50,1076.388997,15.78478142
418,9/1/2018 12:20,1203.892334,16.76081941
419,9/1/2018 12:50,1668.068685,18.97717401
420,9/1/2018 13:20,1901.580648,20.31439029
421,9/1/2018 13:50,1686.936035,19.10952541
422,9/1/2018 14:20,1531.860311,18.32857598
423,9/1/2018 14:50,1390.899658,17.85802313
424,9/1/2018 15:20,2135.322306,21.53584878
425,9/1/2018 15:50,2417.250651,23.410248
426,9/1/2018 16:20,2247.413656,22.21023642
427,9/1/2018 16:50,2152.901001,22.11771538
428,9/1/2018 17:20,2382.541748,23.46991035
429,9/1/2018 17:50,3499.534342,30.04877006
430,9/1/2018 18:20,3604.316325,35.50222152
431,9/1/2018 18:50,3604.148682,36.9903227
432,9/1/2018 19:20,3603.951253,34.87000946
433,9/1/2018 19:50,3600.124674,34.1492159
434,9/1/2018 20:20,3560.577067,31.40273
435,9/1/2018 20:50,3588.638346,32.31015995
436,9/1/2018 21:20,3528.152344,32.21866147
437,9/1/2018 21:50,3481.397298,31.88177878
438,9/1/2018 22:20,3264.611328,28.97717889
439,9/1/2018 22:50,3210.49292,28.69435572
440,9/1/2018 23:20,3296.743652,29.10593707
441,9/1/2018 23:50,3448.612305,29.79381151
442,10/1/2018 0:20,1309.812638,16.92796292
443,10/1/2018 0:50,1309.812638,16.92796292
444,10/1/2018 1:20,1309.812638,16.92796292
445,10/1/2018 1:50,1309.812638,16.92796292
446,10/1/2018 2:20,1309.812638,16.92796292
447,10/1/2018 2:50,1309.812638,16.92796292
448,10/1/2018 3:20,1309.812638,16.92796292
449,10/1/2018 3:50,1309.812638,16.92796292
450,10/1/2018 4:20,1309.812638,16.92796292
451,10/1/2018 4:50,1309.812638,16.92796292
452,10/1/2018 5:20,1309.812638,16.92796292
453,10/1/2018 5:50,1309.812638,16.92796292
454,10/1/2018 5:50,1309.812638,16.92796292
455,10/1/2018 6:20,1309.812638,16.92796292
456,10/1/2018 6:20,1309.812638,16.92796292
457,10/1/2018 6:50,1309.812638,16.92796292
458,10/1/2018 7:20,1309.812638,16.92796292
459,10/1/2018 7:50,1309.812638,16.92796292
460,10/1/2018 8:20,1309.812638,16.92796292
461,10/1/2018 8:50,1309.812638,16.92796292
462,10/1/2018 9:20,1309.812638,16.92796292
463,10/1/2018 9:50,1309.812638,16.92796292
464,10/1/2018 10:20,1309.812638,16.92796292
465,10/1/2018 10:50,1309.812638,16.92796292
466,10/1/2018 11:20,1309.812638,16.92796292
467,10/1/2018 11:50,1309.812638,16.92796292
468,10/1/2018 12:20,1309.812638,16.92796292
469,10/1/2018 12:50,1309.812638,16.92796292
470,10/1/2018 13:20,1309.812638,16.92796292
471,10/1/2018 13:50,1309.812638,16.92796292
472,10/1/2018 14:20,1309.812638,16.92796292
473,10/1/2018 14:50,1309.812638,16.92796292
474,10/1/2018 15:20,1309.812638,16.92796292
475,10/1/2018 15:50,1309.812638,16.92796292
476,10/1/2018 16:20,1309.812638,16.92796292
477,10/1/2018 16:50,1309.812638,16.92796292
478,10/1/2018 17:20,1309.812638,16.92796292
479,10/1/2018 17:50,1309.812638,16.92796292
480,10/1/2018 18:20,1309.812638,16.92796292
481,10/1/2018 18:50,1309.812638,16.92796292
482,10/1/2018 19:20,1309.812638,16.92796292
483,10/1/2018 19:50,1309.812638,16.92796292
484,10/1/2018 20:20,1309.812638,16.92796292
485,10/1/2018 20:50,1309.812638,16.92796292
486,10/1/2018 21:20,1309.812638,16.92796292
487,10/1/2018 21:50,1309.812638,16.92796292
488,10/1/2018 22:20,1309.812638,16.92796292
489,10/1/2018 22:50,1309.812638,16.92796292
490,10/1/2018 23:20,1309.812638,16.92796292
491,10/1/2018 23:50,1309.812638,16.92796292
492,11/1/2018 0:20,19.39037323,8.068768696
493,11/1/2018 0:50,86.99791718,9.303661901
494,11/1/2018 1:20,123.7258021,9.828205332
495,11/1/2018 1:50,164.3337046,10.45242636
496,11/1/2018 2:20,344.3483073,12.78517056
497,11/1/2018 2:50,506.2081909,13.68313395
498,11/1/2018 3:20,478.4368388,13.55990814
499,11/1/2018 3:50,471.3008423,13.79145216
500,11/1/2018 4:20,510.877828,13.9813486
501,11/1/2018 4:50,608.3880208,14.60301249
502,11/1/2018 5:20,500.1514994,13.42196889
503,11/1/2018 5:50,472.4714355,12.94670568
504,11/1/2018 5:50,472.4714355,12.94670568
505,11/1/2018 6:20,428.779836,12.9215013
506,11/1/2018 6:20,428.779836,12.9215013
507,11/1/2018 6:50,891.0479736,16.08952045
508,11/1/2018 7:20,828.9884033,15.78417982
509,11/1/2018 7:50,873.6314494,16.12051712
510,11/1/2018 8:20,920.2165934,17.0132866
511,11/1/2018 8:50,506.8545736,13.23916998
512,11/1/2018 9:20,576.3070475,13.94250098
513,11/1/2018 9:50,796.1946615,16.49225246
514,11/1/2018 10:20,721.828654,15.87712966
,515,11/1/2018 10:50,921.9401855,17.12621668
,516,11/1/2018 11:20,557.4104716,13.98773715
,517,11/1/2018 11:50,750.0925903,15.32195542
,518,11/1/2018 12:20,1232.743978,18.87778655
,519,11/1/2018 12:50,1449.137655,19.69967922
,520,11/1/2018 13:20,1232.969645,17.91614806
,521,11/1/2018 13:50,1529.218994,19.44809913
,522,11/1/2018 14:20,2089.856038,21.95222937
,523,11/1/2018 14:50,2174.44637,22.84413522
,524,11/1/2018 15:20,2538.054036,24.78761394
,525,11/1/2018 15:50,2900.236654,25.661974
,526,11/1/2018 16:20,3200.727051,26.27774461
,527,11/1/2018 16:50,3298.177327,27.02245831
,528,11/1/2018 17:20,3124.711263,26.77582964
,529,11/1/2018 17:50,2719.741292,25.00212915
,530,11/1/2018 18:20,2705.824056,24.75620731
,531,11/1/2018 18:50,2510.576335,23.68076908
,532,11/1/2018 19:20,2306.469401,22.68960874
,533,11/1/2018 19:50,1538.198039,19.31974449
,534,11/1/2018 20:20,364.6562551,11.42804764
,535,11/1/2018 20:50,76.0658048,7.203494946
,536,11/1/2018 21:20,178.6273295,9.593291745
,537,11/1/2018 21:50,150.6956355,9.846150045
,538,11/1/2018 22:20,10.07936255,5.947661863
,539,11/1/2018 22:50,18.29611969,6.757804603
,540,11/1/2018 23:20,0,5.166450925
,541,11/1/2018 23:50,121.1456369,9.695346914
,542,12/1/2018 0:20,28.40413229,12.83959705
,543,12/1/2018 0:50,0,9.425214655
,544,12/1/2018 1:20,0,10.55317843
,545,12/1/2018 1:50,0,12.02541524
,546,12/1/2018 2:20,0,10.31085905
,547,12/1/2018 2:50,0,9.739300613
,548,12/1/2018 3:20,0,7.985034771
,549,12/1/2018 3:50,0,7.306009312
,550,12/1/2018 4:20,0,9.558912709
,551,12/1/2018 4:50,0,10.6301014
,552,12/1/2018 5:20,0,9.642992765
,553,12/1/2018 5:50,0,8.957546391
,554,12/1/2018 5:50,0,8.957546391
,555,12/1/2018 6:20,0,8.967588959
556,12/1/2018 6:20,0,8.967588959,48
,557,12/1/2018 6:50,0,11.54437893
,558,12/1/2018 7:20,0,10.2850513
,559,12/1/2018 7:50,0,10.07784411
,560,12/1/2018 8:20,0,9.407822471
,561,12/1/2018 8:50,0,10.03396508
562,12/1/2018 9:20,0,9.557597522
563,12/1/2018 9:50,0,8.555927787
564,12/1/2018 10:20,0,7.601272879
565,12/1/2018 10:50,4.730842908,7.164304402
566,12/1/2018 11:20,0,6.738141862
567,12/1/2018 11:50,0,5.077068699
568,12/1/2018 12:20,0,6.788833274
569,12/1/2018 12:50,0,5.867083459
570,12/1/2018 13:20,0,5.251561906
571,12/1/2018 13:50,0,6.14273922
572,12/1/2018 14:20,0,5.950788231
573,12/1/2018 14:50,0,4.987526208
574,12/1/2018 15:20,0,3.954744424
575,12/1/2018 15:50,0,4.927415957
576,12/1/2018 16:20,0,4.748538083
577,12/1/2018 16:50,0,5.612774153
578,12/1/2018 17:20,0,5.158254029
579,12/1/2018 17:50,0,4.216528947
580,12/1/2018 18:20,0,5.937559207
581,12/1/2018 18:50,0,5.128738233
582,12/1/2018 19:20,0,4.750606685
583,12/1/2018 19:50,0,3.41077354
584,12/1/2018 20:20,0,3.303551758
585,12/1/2018 20:50,0,2.527957432
586,12/1/2018 21:20,0,1.275198271
587,12/1/2018 21:50,0,3.57711634
588,12/1/2018 22:20,6.936973572,7.986568444
589,12/1/2018 22:50,39.71476618,8.438040244
590,12/1/2018 23:20,16.05664666,6.707282613
591,12/1/2018 23:50,74.89280923,8.30775051
592,1/13/2018 0:20,770.7206421,13.70569266
593,1/13/2018 0:50,633.1599731,13.10931776
594,1/13/2018 1:20,916.1604411,14.61160832
595,1/13/2018 1:50,910.1443685,14.4495221
596,1/13/2018 2:20,991.663208,14.67688696
597,1/13/2018 2:50,1251.619954,15.9595484
598,1/13/2018 3:20,1388.629028,16.53558963
599,1/13/2018 3:50,2098.674032,19.23920946
600,1/13/2018 4:20,2021.887695,18.6885518
601,1/13/2018 4:50,2547.297038,21.73089538
602,1/13/2018 5:20,2645.005697,22.45863075
603,1/13/2018 5:50,2658.271322,22.43381607
604,1/13/2018 5:50,2658.271322,22.43381607
605,1/13/2018 6:20,2745.01766,22.88247369
606,1/13/2018 6:20,2745.01766,22.88247369
607,1/13/2018 6:50,2686.210286,22.31971231
608,1/13/2018 7:20,2791.95638,22.70241858
609,1/13/2018 7:50,3332.144694,25.25205521
610,1/13/2018 8:20,3464.705729,26.51145252
611,1/13/2018 8:50,3295.728271,24.68754808
612,1/13/2018 9:20,3283.797038,25.74670206
613,1/13/2018 9:50,3403.6757,25.67337512
614,1/13/2018 10:20,3339.963053,25.60279166
615,1/13/2018 10:50,3465.847331,27.24881555
616,1/13/2018 11:20,3588.497721,30.77210727
617,1/13/2018 11:50,3522.442627,27.26750833
618,1/13/2018 12:20,3407.590332,25.97229768
619,1/13/2018 12:50,3574.286051,28.79363083
620,1/13/2018 13:20,3599.573649,30.19482799
621,1/13/2018 13:50,3600.996012,30.38251466
622,1/13/2018 14:20,3601.052979,30.8756696
623,1/13/2018 14:50,3603.130371,32.7773148
624,1/13/2018 15:20,3392.44873,26.46801117
625,1/13/2018 15:50,3554.815023,29.92637199
626,1/13/2018 16:20,3462.655355,27.11112375
627,1/13/2018 16:50,3330.923991,26.59464387
628,1/13/2018 17:20,3587.616374,30.13869558
629,1/13/2018 17:50,3517.166748,28.03589682
630,1/13/2018 18:20,3568.126302,29.53640606
631,1/13/2018 18:50,3587.934326,30.77763964
632,1/13/2018 19:20,3534.398275,29.09842854
633,1/13/2018 19:50,3508.970378,28.68576558
634,1/13/2018 20:20,3446.873372,28.88092383
635,1/13/2018 20:50,3027.025065,28.23829553
636,1/13/2018 21:20,1932.600993,26.23361706
637,1/13/2018 21:50,1788.224325,29.45366199
638,1/13/2018 22:20,572.4331055,30.91171476
639,1/13/2018 22:50,362.1294047,28.15388818
640,1/13/2018 23:20,360.0226644,30.53077133
641,1/13/2018 23:50,378.6670329,31.95494853
642,1/14/2018 0:20,401.8909403,35.70561222
643,1/14/2018 0:50,834.1925659,35.77608903
644,1/14/2018 1:20,1192.266357,36.08141723
645,1/14/2018 1:50,531.0923462,32.75964315
646,1/14/2018 2:20,808.6948954,34.81094659
647,1/14/2018 2:50,922.285909,35.16354896
648,1/14/2018 3:20,937.8375651,34.72508575
649,1/14/2018 3:50,682.2788391,30.88763039
650,1/14/2018 4:20,867.8178507,32.6031839
651,1/14/2018 4:50,863.3834432,32.29136902
652,1/14/2018 5:20,620.5128988,32.71867004
653,1/14/2018 5:50,426.6090698,31.03558129
654,1/14/2018 5:50,426.6090698,31.03558129
655,1/14/2018 6:20,549.1763814,33.48765514
656,1/14/2018 6:20,549.1763814,33.48765514
657,1/14/2018 6:50,538.2801717,35.26225662
658,1/14/2018 7:20,414.6469421,33.36400482
659,1/14/2018 7:50,343.1513672,29.18884612
660,1/14/2018 8:20,342.8105062,29.77118844
661,1/14/2018 8:50,114.6928813,22.29076611
662,1/14/2018 9:20,0,20.06401268
663,1/14/2018 9:50,0,18.58318431
664,1/14/2018 10:20,0,18.74198558
665,1/14/2018 10:50,0,20.51266459
666,1/14/2018 11:20,0,17.08202903
667,1/14/2018 11:50,0,18.86857206
668,1/14/2018 12:20,0,19.7054228
669,1/14/2018 12:50,0,19.23516968
670,1/14/2018 13:20,0,19.37778942
671,1/14/2018 13:50,0,20.90508596
672,1/14/2018 14:20,0,17.72784379
673,1/14/2018 14:50,0,17.75218631
674,1/14/2018 15:20,0,16.48644772
675,1/14/2018 15:50,0,14.87846043
676,1/14/2018 16:20,0,16.00697762
677,1/14/2018 16:50,0,15.34169496
678,1/14/2018 17:20,0,16.85422186
679,1/14/2018 17:50,0,18.9706027
680,1/14/2018 18:20,0,14.38261574
681,1/14/2018 18:50,0,13.9380932
682,1/14/2018 19:20,0,14.90391405
683,1/14/2018 19:50,0,12.58990103
684,1/14/2018 20:20,0,12.91704695
685,1/14/2018 20:50,0,12.50048289
686,1/14/2018 21:20,0,12.96179708
687,1/14/2018 21:50,0,14.4177425
688,1/14/2018 22:20,0,16.73664649
689,1/14/2018 22:50,0,15.88565615
690,1/14/2018 23:20,0,15.41006193
691,1/14/2018 23:50,0,17.45405344
692,1/15/2018 0:20,0,16.6343659
693,1/15/2018 0:50,0,16.39524862
694,1/15/2018 1:20,0,17.99887009
695,1/15/2018 1:50,0,16.67654433
696,1/15/2018 2:20,0,16.04096306
697,1/15/2018 2:50,0,15.03923324
698,1/15/2018 3:20,0,14.60849119
699,1/15/2018 3:50,0,14.27553377
700,1/15/2018 4:20,0,14.52905126
701,1/15/2018 4:50,0,13.89569966
702,1/15/2018 5:20,0,11.19903799
703,1/15/2018 5:50,0,9.471370464
704,1/15/2018 5:50,0,9.471370464
705,1/15/2018 6:20,0,9.699122522
706,1/15/2018 6:20,0,9.699122522
707,1/15/2018 6:50,0,6.846832699
708,1/15/2018 7:20,0,5.196849201
709,1/15/2018 7:50,0,6.805435064
710,1/15/2018 8:20,0,6.693228708
711,1/15/2018 8:50,0,8.29859238
712,1/15/2018 9:20,0,6.556243751
713,1/15/2018 9:50,0,5.737574341
714,1/15/2018 10:20,0,3.963592871
715,1/15/2018 10:50,0,4.40942926
716,1/15/2018 11:20,0,3.816628282
717,1/15/2018 11:50,0,8.161686354
718,1/15/2018 12:20,0,6.264639171
719,1/15/2018 12:50,0,5.991950224
720,1/15/2018 13:20,0,5.528911961
721,1/15/2018 13:50,0,1.34190639
722,1/15/2018 14:20,0,4.981606443
723,1/15/2018 14:50,0,3.900310653
724,1/15/2018 15:20,0,4.201679493
725,1/15/2018 15:50,0,5.720009893
726,1/15/2018 16:20,1.373799493,7.861830478
727,1/15/2018 16:50,0,7.720365922
728,1/15/2018 17:20,193.7834787,10.72078459
729,1/15/2018 17:50,629.8151855,14.06771076
730,1/15/2018 18:20,909.1165568,15.56561559
731,1/15/2018 18:50,1200.835673,16.59107922
732,1/15/2018 19:20,1120.734823,15.20620865
733,1/15/2018 19:50,1821.084676,17.95738961
734,1/15/2018 20:20,2514.829997,21.24219338
735,1/15/2018 20:50,2376.167318,20.54513574
736,1/15/2018 21:20,2403.921712,20.42047991
737,1/15/2018 21:50,1437.98466,15.91660447
738,1/15/2018 22:20,1986.852661,18.75410848
739,1/15/2018 22:50,2431.627604,20.81730229
740,1/15/2018 23:20,2987.459391,22.79280346
741,1/15/2018 23:50,3601.709391,26.52949751
742,1/16/2018 0:20,992.2764893,27.29596174
743,1/16/2018 0:50,2846.222331,27.04273331
744,1/16/2018 1:20,1987.163656,27.28922119
745,1/16/2018 1:50,862.2410736,29.33412043
746,1/16/2018 2:20,0,28.49414154
747,1/16/2018 2:50,0,28.3948138
748,1/16/2018 3:20,0,29.89940975
749,1/16/2018 3:50,0,33.0081975
750,1/16/2018 4:20,0,32.08800178
751,1/16/2018 4:50,0,32.14436534
752,1/16/2018 5:20,0,32.4784221
753,1/16/2018 5:50,0,34.78974145
754,1/16/2018 5:50,0,34.78974145
755,1/16/2018 6:20,0,33.08109206
756,1/16/2018 6:20,0,33.08109206
757,1/16/2018 6:50,0,32.66650487
758,1/16/2018 7:20,0,35.02752115
759,1/16/2018 7:50,0,35.78568611
760,1/16/2018 8:20,0,34.13164807
761,1/16/2018 8:50,0,33.20961842
762,1/16/2018 9:20,0,32.46038566
763,1/16/2018 9:50,0,32.61867884
764,1/16/2018 10:20,0,30.92074437
765,1/16/2018 10:50,2395.944995,28.87858927
766,1/16/2018 11:20,3597.859701,29.61049457
767,1/16/2018 11:50,3593.875326,29.75554416
768,1/16/2018 12:20,3603.271973,32.31080065
769,1/16/2018 12:50,3599.118978,29.36429612
770,1/16/2018 13:20,3466.560954,27.37572344
771,1/16/2018 13:50,3466.431722,27.41498279
772,1/16/2018 14:20,3492.768066,27.34346705
773,1/16/2018 14:50,2923.515706,24.31054204
774,1/16/2018 15:20,2847.056966,24.24222627
775,1/16/2018 15:50,2830.150065,23.57115096
776,1/16/2018 16:20,2952.837402,23.813673
777,1/16/2018 16:50,2920.078939,23.84648832
778,1/16/2018 17:20,3310.815999,25.61801142
779,1/16/2018 17:50,3443.020996,26.10048913
780,1/16/2018 18:20,3422.04362,26.16984879
781,1/16/2018 18:50,3582.81071,28.66206876
782,1/16/2018 19:20,3444.664307,30.44721377
783,1/16/2018 19:50,3450.090739,31.19229367
784,1/16/2018 20:20,3438.56901,30.51073597
785,1/16/2018 20:50,3381.438639,31.55546164
786,1/16/2018 21:20,3387.097982,30.26780433
787,1/16/2018 21:50,3505.256673,30.45594541
788,1/16/2018 22:20,3523.031413,30.09423237
789,1/16/2018 22:50,3428.304606,32.63665628
790,1/16/2018 23:20,3436.555664,32.56958495
791,1/16/2018 23:50,3476.590983,30.63260357
792,1/17/2018 0:20,3596.430339,30.23383134
793,1/17/2018 0:50,3577.907389,30.07628482
794,1/17/2018 1:20,3401.443685,33.38184072
795,1/17/2018 1:50,3424.721354,31.63408984
796,1/17/2018 2:20,3571.955078,29.29101399
797,1/17/2018 2:50,3601.597656,28.48861625
798,1/17/2018 3:20,3585.102376,28.40963037
799,1/17/2018 3:50,3548.201986,28.74738561
800,1/17/2018 4:20,3596.190674,29.3196324
801,1/17/2018 4:50,3455.524007,31.27695418
802,1/17/2018 5:20,2985.671997,29.79431854
803,1/17/2018 5:50,0,29.39632213
804,1/17/2018 5:50,0,29.39632213
805,1/17/2018 6:20,0,31.52452434
806,1/17/2018 6:20,0,31.52452434
807,1/17/2018 6:50,2904.361654,30.25608961
808,1/17/2018 7:20,3551.213379,31.96324073
809,1/17/2018 7:50,3555.385986,33.24037581
810,1/17/2018 8:20,2775.016032,31.55332834
811,1/17/2018 8:50,3569.045003,31.71262844
812,1/17/2018 9:20,3583.333333,30.62103888
813,1/17/2018 9:50,3554.146077,30.08036299
814,1/17/2018 10:20,3462.094971,29.56637484
815,1/17/2018 10:50,3543.592692,32.84627199
816,1/17/2018 11:20,3559.70402,31.46231555
817,1/17/2018 11:50,3561.618978,31.93805909
818,1/17/2018 12:20,3463.211995,27.39838348
819,1/17/2018 12:50,2663.953288,22.33431555
820,1/17/2018 13:20,3442.785645,27.75987395
821,1/17/2018 13:50,3489.061361,29.48940778
822,1/17/2018 14:20,3443.036947,27.40156141
823,1/17/2018 14:50,3467.875651,27.31361135
824,1/17/2018 15:20,3477.374023,33.63139417
825,1/17/2018 15:50,3489.572673,33.03225912
826,1/17/2018 16:20,3502.763346,31.09908786
827,1/17/2018 16:50,3465.881022,28.4743892
828,1/17/2018 17:20,3451.619954,28.81951218
829,1/17/2018 17:50,3477.037028,30.21477376
830,1/17/2018 18:20,3499.517578,36.73075693
831,1/17/2018 18:50,3461.109945,41.76756255
832,1/17/2018 19:20,3460.540283,42.93277627
833,1/17/2018 19:50,3461.020752,41.0772725
834,1/17/2018 20:20,3460.804036,40.44146011
835,1/17/2018 20:50,3461.329671,43.52250056
836,1/17/2018 21:20,3460.755046,46.41733983
837,1/17/2018 21:50,3460.937012,46.52119375
838,1/17/2018 22:20,3460.927979,46.16352972
839,1/17/2018 22:50,3461.240316,43.30360994
840,1/17/2018 23:20,3460.751383,41.34267787
841,1/17/2018 23:50,3460.895264,42.06295803
842,1/18/2018 0:20,3460.756348,39.6579557
843,1/18/2018 0:50,3461.008382,37.2926166
844,1/18/2018 1:20,3460.777669,43.50525487
845,1/18/2018 1:50,3460.771647,46.65442621
846,1/18/2018 2:20,3460.875326,44.79030953
847,1/18/2018 2:50,3538.221273,38.72717877
848,1/18/2018 3:20,3583.717041,42.52179082
849,1/18/2018 3:50,3530.213216,30.06530109
850,1/18/2018 4:20,3152.710693,26.11440258
851,1/18/2018 4:50,2175.237345,20.61553149
852,1/18/2018 5:20,991.7268677,14.87303968
853,1/18/2018 5:50,613.7401632,12.77119453
854,1/18/2018 5:50,613.7401632,12.77119453
855,1/18/2018 6:20,1282.992167,15.68600764
856,1/18/2018 6:20,1282.992167,15.68600764
857,1/18/2018 6:50,3382.408285,29.37134955
858,1/18/2018 7:20,3150.607015,29.64483878
859,1/18/2018 7:50,2719.38501,24.8359548
860,1/18/2018 8:20,2076.648397,20.55758575
861,1/18/2018 8:50,2642.480632,26.48000038
862,1/18/2018 9:20,2689.296956,27.15493771
863,1/18/2018 9:50,2721.037028,28.29097482
864,1/18/2018 10:20,2900.497721,30.12321555
865,1/18/2018 10:50,2060.293945,28.08220179
866,1/18/2018 11:20,0,23.99834745
867,1/18/2018 11:50,565.7019857,21.67939367
868,1/18/2018 12:20,1473.955973,17.31971912
869,1/18/2018 12:50,1391.430054,18.77465157
870,1/18/2018 13:20,280.2280827,17.38802955
871,1/18/2018 13:50,664.0410156,22.1046716
872,1/18/2018 14:20,0,18.60234856
873,1/18/2018 14:50,0,17.56034145
874,1/18/2018 15:20,1480.148254,22.84452632
875,1/18/2018 15:50,2040.266317,20.13242444
876,1/18/2018 16:20,1989.674683,18.88435502
877,1/18/2018 16:50,2696.294027,23.22873799
878,1/18/2018 17:20,2853.302327,25.2492364
879,1/18/2018 17:50,2837.161051,24.93415685
880,1/18/2018 18:20,2754.916341,23.37564285
881,1/18/2018 18:50,1943.545654,23.39290418
882,1/18/2018 19:20,3488.782715,28.14889198
883,1/18/2018 19:50,3570.969727,29.39088643
884,1/18/2018 20:20,3417.575277,28.99508947
885,1/18/2018 20:50,3508.903971,28.78505563
886,1/18/2018 21:20,3488.242025,25.90069377
887,1/18/2018 21:50,3012.431315,23.58360452
888,1/18/2018 22:20,2558.758382,22.36842152
889,1/18/2018 22:50,1892.570028,18.96971666
890,1/18/2018 23:20,2105.588013,19.39707385
891,1/18/2018 23:50,2057.493286,18.90199964
892,1/19/2018 0:20,2108.841024,19.38608232
893,1/19/2018 0:50,2301.192952,20.80630151
894,1/19/2018 1:20,2134.741007,19.93216047
895,1/19/2018 1:50,2436.787354,21.16146031
896,1/19/2018 2:20,2163.10734,19.54343365
897,1/19/2018 2:50,2108.952962,18.75572411
898,1/19/2018 3:20,1842.0507,17.86296601
899,1/19/2018 3:50,1643.430623,17.43756186
900,1/19/2018 4:20,1279.641683,15.96595296
901,1/19/2018 4:50,1590.164347,16.97859005
902,1/19/2018 5:20,1266.15918,15.69879578
903,1/19/2018 5:50,451.0084635,11.59175908
904,1/19/2018 5:50,451.0084635,11.59175908
905,1/19/2018 6:20,730.5876872,13.16056987
906,1/19/2018 6:20,730.5876872,13.16056987
907,1/19/2018 6:50,1145.154663,15.47036888
908,1/19/2018 7:20,1481.083374,17.00223355
909,1/19/2018 7:50,2022.802327,19.66430143
910,1/19/2018 8:20,1708.937703,18.23151099
911,1/19/2018 8:50,2317.645345,21.2947653
912,1/19/2018 9:20,2483.032959,21.85156192
913,1/19/2018 9:50,2249.279948,20.59010952
914,1/19/2018 10:20,1662.873983,18.30953048
915,1/19/2018 10:50,1376.091309,16.96754234
916,1/19/2018 11:20,1504.536987,17.8143656
917,1/19/2018 11:50,1423.997681,17.25629752
918,1/19/2018 12:20,1097.578613,15.87595385
919,1/19/2018 12:50,1487.997253,18.28304577
920,1/19/2018 13:20,2350.07902,21.66979306
921,1/19/2018 13:50,2229.690999,20.87318654
922,1/19/2018 14:20,2565.118978,22.9333098
923,1/19/2018 14:50,2883.465658,24.17804771
924,1/19/2018 15:20,3267.037272,26.08583684
925,1/19/2018 15:50,3525.09904,27.82194125
926,1/19/2018 16:20,2925.003255,24.7407728
927,1/19/2018 16:50,2754.901286,23.97200388
928,1/19/2018 17:20,2914.889974,24.42206804
929,1/19/2018 17:50,3119.287028,25.36238159
930,1/19/2018 18:20,3517.476644,28.18122374
931,1/19/2018 18:50,3544.395996,27.78726924
932,1/19/2018 19:20,3602.573649,29.2606072
933,1/19/2018 19:50,3575.47404,27.69821626
934,1/19/2018 20:20,3545.043376,28.71399572
935,1/19/2018 20:50,3588.479004,29.4529317
936,1/19/2018 21:20,3596.187988,31.682937
937,1/19/2018 21:50,3568.603027,30.69029544
938,1/19/2018 22:20,3589.411947,30.99023844
939,1/19/2018 22:50,3604.291341,33.49966782
940,1/19/2018 23:20,3604.234294,35.4443668
941,1/19/2018 23:50,3604.183675,31.34031996
942,1/20/2018 0:20,3603.993978,36.96691673
943,1/20/2018 0:50,3603.885091,36.80090735
944,1/20/2018 1:20,3604.123698,36.19803687
945,1/20/2018 1:50,3604.155029,33.97732142
946,1/20/2018 2:20,3604.256673,32.78113272
947,1/20/2018 2:50,3604.240072,32.45716437
948,1/20/2018 3:20,3604.317383,32.93606381
949,1/20/2018 3:50,3604.100586,35.22644399
950,1/20/2018 4:20,3604.095622,35.35474067
951,1/20/2018 4:50,3604.29598,34.84869909
952,1/20/2018 5:20,3603.420329,41.57840603
953,1/20/2018 5:50,3603.22998,45.1175198
954,1/20/2018 5:50,3603.22998,45.1175198
955,1/20/2018 6:20,3603.206299,42.65565616
956,1/20/2018 6:20,3603.206299,42.65565616
957,1/20/2018 6:50,3600.254964,43.18320864
958,1/20/2018 7:20,3476.52832,41.09133529
959,1/20/2018 7:50,3461.447591,40.57176994
960,1/20/2018 8:20,3461.478353,37.80261548
961,1/20/2018 8:50,3463.380697,35.44421818
962,1/20/2018 9:20,3461.251058,35.67562141
963,1/20/2018 9:50,3464.535319,37.45529517
964,1/20/2018 10:20,3460.948975,35.00440529
965,1/20/2018 10:50,3462.402995,32.54554607
966,1/20/2018 11:20,3446.634603,30.58582929
967,1/20/2018 11:50,3459.927327,33.92080144
968,1/20/2018 12:20,3475.838298,32.8866122
969,1/20/2018 12:50,3274.444417,27.7127633
970,1/20/2018 13:20,3461.975993,27.7338504
971,1/20/2018 13:50,3285.083984,26.09701395
972,1/20/2018 14:20,3379.198649,30.02695978
973,1/20/2018 14:50,3461.999023,35.25171448
974,1/20/2018 15:20,3461.409017,39.09239898
975,1/20/2018 15:50,3461.310303,42.37065419
976,1/20/2018 16:20,3461.383708,40.89361991
977,1/20/2018 16:50,3461.401611,35.51679062
978,1/20/2018 17:20,3460.969645,38.7556656
979,1/20/2018 17:50,3461.226969,38.5874397
980,1/20/2018 18:20,3461.318929,39.21104386
981,1/20/2018 18:50,3461.209961,37.19448922
982,1/20/2018 19:20,3461.603027,36.78783583
983,1/20/2018 19:50,3461.321615,38.44637088
984,1/20/2018 20:20,3461.327311,37.37949787
,985,1/20/2018 20:50,3461.062419,38.52964402
,986,1/20/2018 21:20,3461.161621,40.71724334
,987,1/20/2018 21:50,3460.98763,42.46417434
,988,1/20/2018 22:20,3461.237712,42.15844651
,989,1/20/2018 22:50,3460.979329,44.65004567
,990,1/20/2018 23:20,3460.92863,44.32678487
,991,1/20/2018 23:50,3461.07666,46.91193547
,992,1/21/2018 0:20,3460.697998,49.08212413
,993,1/21/2018 0:50,3256.197428,35.27758872
,994,1/21/2018 1:20,1964.111694,19.34764857
,995,1/21/2018 1:50,2440.821045,21.63599997
,996,1/21/2018 2:20,3516.316406,29.29330377
,997,1/21/2018 2:50,3348.448405,26.58795524
,998,1/21/2018 3:20,3110.315918,24.86351363
,999,1/21/2018 3:50,3419.733643,28.06857845
,1000,1/21/2018 4:20,3551.079346,28.28820934
1001,9/27/1902 0:00,3599.943034,30.10008618,43
,1002,1/21/2018 5:20,3574.710612,29.76174144
,1003,1/21/2018 5:50,3512.946696,30.14308734
,1004,1/21/2018 5:50,3512.946696,30.14308734
,1005,1/21/2018 6:20,3017.387939,24.51270892
,1006,1/21/2018 6:20,3017.387939,24.51270892
,1007,1/21/2018 6:50,2476.014323,22.0009528
,1008,1/21/2018 7:20,2306.295003,21.23575291
,1009,1/21/2018 7:50,2228.686971,20.09331159
,1010,1/21/2018 8:20,2900.246989,23.30510985
,1011,1/21/2018 8:50,2973.444743,24.42865999
,1012,1/21/2018 9:20,3139.554688,24.41245676
,1013,1/21/2018 9:50,3442.682617,29.06926687
,1014,1/21/2018 10:20,3473.803304,31.99669817
,1015,1/21/2018 10:50,3474.648356,31.13228431
,1016,1/21/2018 11:20,3479.27002,30.62448419
,1017,1/21/2018 11:50,3448.567708,26.86659639
,1018,1/21/2018 12:20,3506.135661,29.3834227
,1019,1/21/2018 12:50,3491.141683,33.60762266
,1020,1/21/2018 13:20,3597.636719,30.42706677
,1021,1/21/2018 13:50,3577.128418,32.38979508
,1022,1/21/2018 14:20,3501.698324,32.68242365
,1023,1/21/2018 14:50,3468.305664,33.12635951
,1024,1/21/2018 15:20,3474.703044,32.01641993
,1025,1/21/2018 15:50,3580.232015,30.26791598
,1026,1/21/2018 16:20,3488.3243,30.93821547
,1027,1/21/2018 16:50,3550.783366,28.74270298
,1028,1/21/2018 17:20,3478.190999,26.82912051
,1029,1/21/2018 17:50,3129.850423,24.74863974
,1030,1/21/2018 18:20,3303.174642,26.05071681
,1031,1/21/2018 18:50,3276.407959,25.66205578
1032,1/21/2018 19:20,3016.764648,24.66771396
1033,1/21/2018 19:50,3062.975667,24.58462714
1034,1/21/2018 20:20,2613.599691,22.68867151
1035,1/21/2018 20:50,1981.461344,20.26194139
1036,1/21/2018 21:20,2013.400024,20.54363886
1037,1/21/2018 21:50,2871.776042,23.95160229
1038,1/21/2018 22:20,3167.128337,25.28373064
1039,1/21/2018 22:50,3497.47168,27.49178416
1040,1/21/2018 23:20,3376.493327,26.22079941
1041,1/21/2018 23:50,2467.780314,22.03682942
1042,1/22/2018 0:20,1595.167358,18.3790505
1043,1/22/2018 0:50,1186.491333,16.28080496
1044,1/22/2018 1:20,984.764506,15.20434414
1045,1/22/2018 1:50,326.8583171,11.03839158
1046,1/22/2018 2:20,15.01384766,6.603951724
1047,1/22/2018 2:50,0,3.703972152
1048,1/22/2018 3:20,0,7.059273351
1049,1/22/2018 3:50,54.70408503,7.222814579
1050,1/22/2018 4:20,134.7602285,7.991210175
1051,1/22/2018 4:50,239.5910034,9.645142256
1052,1/22/2018 5:20,548.6756948,12.74981909
1053,1/22/2018 5:50,261.4844666,10.35688686
1054,1/22/2018 5:50,261.4844666,10.35688686
1055,1/22/2018 6:20,222.3140106,10.04308001
1056,1/22/2018 6:20,222.3140106,10.04308001
1057,1/22/2018 6:50,368.2473653,11.54755259
1058,1/22/2018 7:20,103.9862378,8.497587564
1059,1/22/2018 7:50,314.2205213,10.60502289
1060,1/22/2018 8:20,187.5170898,9.96510069
1061,1/22/2018 8:50,111.7944412,8.758260719
1062,1/22/2018 9:20,290.364268,10.89204939
1063,1/22/2018 9:50,143.9077657,9.025964203
1064,1/22/2018 10:20,723.9707438,13.33559961
1065,1/22/2018 10:50,997.8485514,15.51068493
1066,1/22/2018 11:20,771.3288167,14.38378586
1067,1/22/2018 11:50,1158.463277,16.32312951
1068,1/22/2018 12:20,1316.264323,16.09179705
1069,1/22/2018 12:50,1396.689006,15.4825917
1070,1/22/2018 13:20,1460.668335,16.53578199
1071,1/22/2018 13:50,1499.482951,16.87237386
1072,1/22/2018 14:20,1326.381999,15.79416764
1073,1/22/2018 14:50,674.3240763,13.01001172
1074,1/22/2018 15:20,1249.56484,15.73682456
1075,1/22/2018 15:50,2804.08667,23.1170406
1076,1/22/2018 16:20,2916.010661,23.58179121
1077,1/22/2018 16:50,3274.000244,26.22190303
1078,1/22/2018 17:20,3046.609294,24.37412328
1079,1/22/2018 17:50,3054.495036,24.2587125
1080,1/22/2018 18:20,2691.359945,22.78825239
1081,1/22/2018 18:50,3558.509684,31.01045369
1082,1/22/2018 19:20,2930.506348,27.63795302
1083,1/22/2018 19:50,2277.214925,26.99507797
1084,1/22/2018 20:20,2126.279622,26.23695001
1085,1/22/2018 20:50,2058.35437,24.89188597
1086,1/22/2018 21:20,2071.138672,24.56982623
1087,1/22/2018 21:50,973.1491903,24.1518037
1088,1/22/2018 22:20,0,19.6885483
1089,1/22/2018 22:50,0,19.00724376
1090,1/22/2018 23:20,0,18.10955877
1091,1/22/2018 23:50,0,18.40991349
1092,1/23/2018 0:20,230.7240295,26.89313479
1093,1/23/2018 0:50,370.6233012,31.78403253
1094,1/23/2018 1:20,980.0042928,30.18062297
1095,1/23/2018 1:50,1268.162964,31.05851724
1096,1/23/2018 2:20,1459.310669,30.81247594
1097,1/23/2018 2:50,1637.962646,31.26590363
1098,1/23/2018 3:20,1623.603963,30.42487443
1099,1/23/2018 3:50,1270.956604,25.24512835
1100,1/23/2018 4:20,41.62713369,18.16833863
1101,1/23/2018 4:50,0,17.09186502
1102,1/23/2018 5:20,0,18.38086169
1103,1/23/2018 5:50,0,17.46569919
1104,1/23/2018 5:50,0,17.46569919
1105,1/23/2018 6:20,0,17.79109046
1106,1/23/2018 6:20,0,17.79109046
1107,1/23/2018 6:50,0,16.08031414
1108,1/23/2018 7:20,0,17.99800254
1109,1/23/2018 7:50,11.90517298,18.57786205
1110,1/23/2018 8:20,184.6320343,23.09410964
1111,1/23/2018 8:50,179.5956294,21.15081081
1112,1/23/2018 9:20,228.0674947,21.04172389
1113,1/23/2018 9:50,176.4985657,19.0798617
1114,1/23/2018 10:20,34.38003222,14.03789524
1115,1/23/2018 10:50,120.8818504,17.61948646
1116,1/23/2018 11:20,146.4081392,18.78542479
1117,1/23/2018 11:50,292.9537354,20.39992829
1118,1/23/2018 12:20,270.0209656,19.06066616
1119,1/23/2018 12:50,298.1667938,19.00268344
1120,1/23/2018 13:20,347.8976339,20.65196277
1121,1/23/2018 13:50,325.2096761,18.8874405
1122,1/23/2018 14:20,395.7417806,19.79660057
1123,1/23/2018 14:50,319.0083669,17.98353939
1124,1/23/2018 15:20,378.9393717,19.20486527
1125,1/23/2018 15:50,373.7265727,18.70931781
1126,1/23/2018 16:20,125.8147329,15.312886
1127,1/23/2018 16:50,370.9822998,18.03394316
1128,1/23/2018 17:20,316.6973674,17.57223573
1129,1/23/2018 17:50,217.9865316,15.88459768
1130,1/23/2018 18:20,332.8420258,17.54981924
1131,1/23/2018 18:50,421.2057393,18.30508786
1132,1/23/2018 19:20,593.1119792,20.25627246
1133,1/23/2018 19:50,739.3667603,22.01265615
1134,1/23/2018 20:20,774.3777466,22.72217873
1135,1/23/2018 20:50,581.5665894,19.89986639
1136,1/23/2018 21:20,730.7401733,20.93913575
1137,1/23/2018 21:50,582.4003092,18.77312483
1138,1/23/2018 22:20,583.2259928,18.87672771
1139,1/23/2018 22:50,746.3521118,20.25166664
1140,1/23/2018 23:20,759.7475789,20.44347026
1141,1/23/2018 23:50,778.5284627,20.25824933
1142,1/24/2018 0:20,945.5552165,21.07913295
1143,1/24/2018 0:50,958.3941243,21.19233431
1144,1/24/2018 1:20,0,19.10817858
1145,1/24/2018 1:50,0,16.37842746
1146,1/24/2018 2:20,0,17.77224193
1147,1/24/2018 2:50,0,19.0571974
1148,1/24/2018 3:20,72.52276611,21.06124654
1149,1/24/2018 3:50,0,21.52058209
1150,1/24/2018 4:20,31.00316234,21.48844232
1151,1/24/2018 4:50,0,20.45640488
1152,1/24/2018 5:20,0,20.9076886
1153,1/24/2018 5:50,0,22.07595437
1154,1/24/2018 5:50,0,22.07595437
1155,1/24/2018 6:20,61.31716919,22.55048407
1156,1/24/2018 6:20,61.31716919,22.55048407
1157,1/24/2018 6:50,0,19.28287978
1158,1/24/2018 7:20,0,21.66447471
1159,1/24/2018 7:50,0,20.72328296
1160,1/24/2018 8:20,0,21.91274745
1161,1/24/2018 8:50,0,22.15672299
1162,1/24/2018 9:20,0,23.09694693
1163,1/24/2018 9:50,0,21.76569326
1164,1/24/2018 10:20,0,22.2963497
1165,1/24/2018 10:50,0,22.1285718
1166,1/24/2018 11:20,0,22.16310515
1167,1/24/2018 11:50,0,21.29440477
1168,1/24/2018 12:20,0,21.83616652
1169,1/24/2018 12:50,0,22.20359755
1170,1/24/2018 13:20,0,23.63967649
1171,1/24/2018 13:50,0,22.67379664
1172,1/24/2018 14:20,0,23.67082926
1173,1/24/2018 14:50,0,23.16025654
1174,1/24/2018 15:20,0,25.01710216
1175,1/24/2018 15:50,0,22.10069368
1176,1/24/2018 16:20,0,22.59350658
1177,1/24/2018 16:50,0,22.00413144
1178,1/24/2018 17:20,0,25.06871552
1179,1/24/2018 17:50,0,23.30037249
1180,1/24/2018 18:20,0,22.16311511
1181,1/24/2018 18:50,0,25.05756113
1182,1/24/2018 19:20,0,21.98683312
1183,1/24/2018 19:50,0,21.52532444
1184,1/24/2018 20:20,0,21.26723562
1185,1/24/2018 20:50,0,23.72301006
1186,1/24/2018 21:20,0,22.30045775
1187,1/24/2018 21:50,0,22.41136012
1188,1/24/2018 22:20,0,22.03123232
1189,1/24/2018 22:50,0,22.25975202
1190,1/24/2018 23:20,0,21.62194855
1191,1/24/2018 23:50,0,22.63229232
1192,1/25/2018 0:20,0,24.33147197
1193,1/25/2018 0:50,0,23.6795161
1194,1/25/2018 1:20,0,25.04653261
1195,1/25/2018 1:50,0,24.21239972
1196,1/25/2018 2:20,0,25.08678252
1197,1/25/2018 2:50,0,20.458679
1198,1/25/2018 3:20,0,18.94306768
1199,1/25/2018 3:50,0,19.57941445
1200,1/25/2018 4:20,0,18.08897977
1201,1/25/2018 4:50,0,23.06345179
1202,1/25/2018 5:20,0,23.57407999
1203,1/25/2018 5:50,0,24.19194765
1204,1/25/2018 5:50,0,24.19194765
1205,1/25/2018 6:20,0,22.3146265
1206,1/25/2018 6:20,0,22.3146265
1207,1/25/2018 6:50,0,20.65695614
1208,1/25/2018 7:20,0,21.81136179
1209,1/25/2018 7:50,0,22.53036266
1210,1/25/2018 8:20,0,23.7242538
1211,1/25/2018 8:50,0,22.75390393
1212,1/25/2018 9:20,0,24.1078532
1213,1/25/2018 9:50,0,20.62952388
1214,1/25/2018 10:20,0,20.31456878
1215,1/25/2018 10:50,0,21.68114654
1216,1/25/2018 11:20,0,20.40696182
1217,1/25/2018 11:50,0,20.46529795
1218,1/25/2018 12:20,0,20.22494549
1219,1/25/2018 12:50,0,21.74729984
1220,1/25/2018 13:20,0,20.21432301
1221,1/25/2018 13:50,0,22.65751803
1222,1/25/2018 14:20,0,22.41286055
1223,1/25/2018 14:50,0,21.29099787
1224,1/25/2018 15:20,0,20.880043
1225,1/25/2018 15:50,0,20.17015563
1226,1/25/2018 16:20,0,19.36316699
1227,1/25/2018 16:50,0,18.53503154
1228,1/25/2018 17:20,0,20.16074274
1229,1/25/2018 17:50,0,19.62248033
1230,1/25/2018 18:20,0,18.31094344
1231,1/25/2018 18:50,0,16.37052211
1232,1/25/2018 19:20,0,18.07894538
1233,1/25/2018 19:50,0,20.04390799
1234,1/25/2018 20:20,0,18.91780251
1235,1/25/2018 20:50,0,19.88478601
1236,1/25/2018 21:20,0,21.00455377
1237,1/25/2018 21:50,0,18.07879961
1238,1/25/2018 22:20,0,17.62394189
1239,1/25/2018 22:50,0,18.3383974
1240,1/25/2018 23:20,0,19.90593637
1241,1/25/2018 23:50,0,19.35079093
1242,1/26/2018 0:20,0,18.82091102
1243,1/26/2018 0:50,0,19.61784465
1244,1/26/2018 1:20,0,18.21539595
1245,1/26/2018 1:50,0,20.66056571
1246,1/26/2018 2:20,0,19.03571067
1247,1/26/2018 2:50,725.9399821,17.62862415
1248,1/26/2018 3:20,3.839716593,17.84329616
1249,1/26/2018 3:50,1689.554321,19.61598156
1250,1/26/2018 4:20,2082.265584,22.7879068
1251,1/26/2018 4:50,381.4709117,22.22955427
1252,1/26/2018 5:20,838.9996745,21.38496672
1253,1/26/2018 5:50,64.99186707,21.01746244
1254,1/26/2018 5:50,64.99186707,21.01746244
1255,1/26/2018 6:20,1564.5,22.78423963
1256,1/26/2018 6:20,1564.5,22.78423963
1257,1/26/2018 6:50,1309.812638,16.92796292
1258,1/26/2018 7:20,1309.812638,16.92796292
1259,1/26/2018 7:50,1309.812638,16.92796292
1260,1/26/2018 8:20,1309.812638,16.92796292
1261,1/26/2018 8:50,1309.812638,16.92796292
1262,1/26/2018 9:20,1309.812638,16.92796292
1263,1/26/2018 9:50,1309.812638,16.92796292
1264,1/26/2018 10:20,1309.812638,16.92796292
1265,1/26/2018 10:50,1309.812638,16.92796292
1266,1/26/2018 11:20,1309.812638,16.92796292
1267,1/26/2018 11:50,1309.812638,16.92796292
1268,1/26/2018 12:20,1309.812638,16.92796292
1269,1/26/2018 12:50,1309.812638,16.92796292
1270,1/26/2018 13:20,1309.812638,16.92796292
1271,1/26/2018 13:50,1309.812638,16.92796292
1272,1/26/2018 14:20,1309.812638,16.92796292
1273,1/26/2018 14:50,1309.812638,16.92796292
1274,1/26/2018 15:20,1309.812638,16.92796292
1275,1/26/2018 15:50,1309.812638,16.92796292
1276,1/26/2018 16:20,1309.812638,16.92796292
1277,1/26/2018 16:50,1309.812638,16.92796292
1278,1/26/2018 17:20,1309.812638,16.92796292
1279,1/26/2018 17:50,1309.812638,16.92796292
1280,1/26/2018 18:20,1309.812638,16.92796292
1281,1/26/2018 18:50,1309.812638,16.92796292
1282,1/26/2018 19:20,1309.812638,16.92796292
1283,1/26/2018 19:50,1309.812638,16.92796292
1284,1/26/2018 20:20,1309.812638,16.92796292
1285,1/26/2018 20:50,1309.812638,16.92796292
1286,1/26/2018 21:20,1309.812638,16.92796292
1287,1/26/2018 21:50,1309.812638,16.92796292
1288,1/26/2018 22:20,1309.812638,16.92796292
1289,1/26/2018 22:50,1309.812638,16.92796292
1290,1/26/2018 23:20,1309.812638,16.92796292
1291,1/26/2018 23:50,1309.812638,16.92796292
1292,1/27/2018 0:20,1309.812638,16.92796292
1293,1/27/2018 0:50,1309.812638,16.92796292
1294,1/27/2018 1:20,1309.812638,16.92796292
1295,1/27/2018 1:50,1309.812638,16.92796292
1296,1/27/2018 2:20,1309.812638,16.92796292
1297,1/27/2018 2:50,1309.812638,16.92796292
1298,1/27/2018 3:20,1309.812638,16.92796292
1299,1/27/2018 3:50,1309.812638,16.92796292
1300,1/27/2018 4:20,1309.812638,16.92796292
1301,1/27/2018 4:50,1309.812638,16.92796292
1302,1/27/2018 5:20,1309.812638,16.92796292
1303,1/27/2018 5:50,1309.812638,16.92796292
1304,1/27/2018 5:50,1309.812638,16.92796292
1305,1/27/2018 6:20,1309.812638,16.92796292
1306,1/27/2018 6:20,1309.812638,16.92796292
1307,1/27/2018 6:50,1309.812638,16.92796292
1308,1/27/2018 7:20,1309.812638,16.92796292
1309,1/27/2018 7:50,1309.812638,16.92796292
1310,1/27/2018 8:20,1309.812638,16.92796292
1311,1/27/2018 8:50,1309.812638,16.92796292
1312,1/27/2018 9:20,1309.812638,16.92796292
1313,1/27/2018 9:50,1309.812638,16.92796292
1314,1/27/2018 10:20,1309.812638,16.92796292
1315,1/27/2018 10:50,1309.812638,16.92796292
1316,1/27/2018 11:20,1309.812638,16.92796292
1317,1/27/2018 11:50,1309.812638,16.92796292
1318,1/27/2018 12:20,1309.812638,16.92796292
1319,1/27/2018 12:50,1309.812638,16.92796292
1320,1/27/2018 13:20,1309.812638,16.92796292
1321,1/27/2018 13:50,1309.812638,16.92796292
1322,1/27/2018 14:20,1309.812638,16.92796292
1323,1/27/2018 14:50,1309.812638,16.92796292
1324,1/27/2018 15:20,1309.812638,16.92796292
1325,1/27/2018 15:50,1309.812638,16.92796292
1326,1/27/2018 16:20,1309.812638,16.92796292
1327,1/27/2018 16:50,1309.812638,16.92796292
1328,1/27/2018 17:20,1309.812638,16.92796292
1329,1/27/2018 17:50,1309.812638,16.92796292
1330,1/27/2018 18:20,1309.812638,16.92796292
1331,1/27/2018 18:50,1309.812638,16.92796292
1332,1/27/2018 19:20,1309.812638,16.92796292
1333,1/27/2018 19:50,1309.812638,16.92796292
1334,1/27/2018 20:20,1309.812638,16.92796292
1335,1/27/2018 20:50,1309.812638,16.92796292
1336,1/27/2018 21:20,1309.812638,16.92796292
1337,1/27/2018 21:50,1309.812638,16.92796292
1338,1/27/2018 22:20,1309.812638,16.92796292
1339,1/27/2018 22:50,1309.812638,16.92796292
1340,1/27/2018 23:20,1309.812638,16.92796292
1341,1/27/2018 23:50,1309.812638,16.92796292
1342,1/28/2018 0:20,1309.812638,16.92796292
1343,1/28/2018 0:50,1309.812638,16.92796292
1344,1/28/2018 1:20,1309.812638,16.92796292
1345,1/28/2018 1:50,1309.812638,16.92796292
1346,1/28/2018 2:20,1309.812638,16.92796292
1347,1/28/2018 2:50,1309.812638,16.92796292
1348,1/28/2018 3:20,1309.812638,16.92796292
1349,1/28/2018 3:50,1309.812638,16.92796292
1350,1/28/2018 4:20,1309.812638,16.92796292
1351,1/28/2018 4:50,1309.812638,16.92796292
1352,1/28/2018 5:20,1309.812638,16.92796292
1353,1/28/2018 5:50,1309.812638,16.92796292
1354,1/28/2018 5:50,1309.812638,16.92796292
1355,1/28/2018 6:20,1309.812638,16.92796292
1356,1/28/2018 6:20,1309.812638,16.92796292
1357,1/28/2018 6:50,1309.812638,16.92796292
1358,1/28/2018 7:20,1309.812638,16.92796292
1359,1/28/2018 7:50,1309.812638,16.92796292
1360,1/28/2018 8:20,1309.812638,16.92796292
1361,1/28/2018 8:50,1309.812638,16.92796292
1362,1/28/2018 9:20,1309.812638,16.92796292
1363,1/28/2018 9:50,1309.812638,16.92796292
1364,1/28/2018 10:20,1309.812638,16.92796292
1365,1/28/2018 10:50,1309.812638,16.92796292
1366,1/28/2018 11:20,1309.812638,16.92796292
1367,1/28/2018 11:50,1309.812638,16.92796292
1368,1/28/2018 12:20,1309.812638,16.92796292
1369,1/28/2018 12:50,1309.812638,16.92796292
1370,1/28/2018 13:20,1309.812638,16.92796292
1371,1/28/2018 13:50,1309.812638,16.92796292
1372,1/28/2018 14:20,1309.812638,16.92796292
1373,1/28/2018 14:50,1309.812638,16.92796292
1374,1/28/2018 15:20,1309.812638,16.92796292
1375,1/28/2018 15:50,1309.812638,16.92796292
1376,1/28/2018 16:20,1309.812638,16.92796292
1377,1/28/2018 16:50,1309.812638,16.92796292
1378,1/28/2018 17:20,1309.812638,16.92796292
1379,1/28/2018 17:50,1309.812638,16.92796292
1380,1/28/2018 18:20,1309.812638,16.92796292
1381,1/28/2018 18:50,1309.812638,16.92796292
1382,1/28/2018 19:20,1309.812638,16.92796292
1383,1/28/2018 19:50,1309.812638,16.92796292
1384,1/28/2018 20:20,1309.812638,16.92796292
1385,1/28/2018 20:50,1309.812638,16.92796292
1386,1/28/2018 21:20,1309.812638,16.92796292
1387,1/28/2018 21:50,1309.812638,16.92796292
1388,1/28/2018 22:20,1309.812638,16.92796292
1389,1/28/2018 22:50,1309.812638,16.92796292
1390,1/28/2018 23:20,1309.812638,16.92796292
1391,1/28/2018 23:50,1309.812638,16.92796292
1392,1/29/2018 0:20,1309.812638,16.92796292
1393,1/29/2018 0:50,1309.812638,16.92796292
1394,1/29/2018 1:20,1309.812638,16.92796292
1395,1/29/2018 1:50,1309.812638,16.92796292
1396,1/29/2018 2:20,1309.812638,16.92796292
1397,1/29/2018 2:50,1309.812638,16.92796292
1398,1/29/2018 3:20,1309.812638,16.92796292
1399,1/29/2018 3:50,1309.812638,16.92796292
1400,1/29/2018 4:20,1309.812638,16.92796292
1401,1/29/2018 4:50,1309.812638,16.92796292
1402,1/29/2018 5:20,1309.812638,16.92796292
1403,1/29/2018 5:50,1309.812638,16.92796292
1404,1/29/2018 5:50,1309.812638,16.92796292
1405,1/29/2018 6:20,1309.812638,16.92796292
1406,1/29/2018 6:20,1309.812638,16.92796292
1407,1/29/2018 6:50,1309.812638,16.92796292
1408,1/29/2018 7:20,1309.812638,16.92796292
1409,1/29/2018 7:50,1309.812638,16.92796292
1410,1/29/2018 8:20,1309.812638,16.92796292
1411,1/29/2018 8:50,1309.812638,16.92796292
1412,1/29/2018 9:20,1309.812638,16.92796292
1413,1/29/2018 9:50,1309.812638,16.92796292
1414,1/29/2018 10:20,1309.812638,16.92796292
1415,1/29/2018 10:50,1309.812638,16.92796292
1416,1/29/2018 11:20,1309.812638,16.92796292
1417,1/29/2018 11:50,1309.812638,16.92796292
1418,1/29/2018 12:20,1309.812638,16.92796292
1419,1/29/2018 12:50,1309.812638,16.92796292
1420,1/29/2018 13:20,1309.812638,16.92796292
1421,1/29/2018 13:50,1309.812638,16.92796292
1422,1/29/2018 14:20,1309.812638,16.92796292
1423,1/29/2018 14:50,1309.812638,16.92796292
1424,1/29/2018 15:20,1309.812638,16.92796292
1425,1/29/2018 15:50,1309.812638,16.92796292
1426,1/29/2018 16:20,1309.812638,16.92796292
1427,1/29/2018 16:50,1309.812638,16.92796292
1428,1/29/2018 17:20,1309.812638,16.92796292
1429,1/29/2018 17:50,1309.812638,16.92796292
1430,1/29/2018 18:20,1309.812638,16.92796292
1431,1/29/2018 18:50,1309.812638,16.92796292
1432,1/29/2018 19:20,1309.812638,16.92796292
1433,1/29/2018 19:50,1309.812638,16.92796292
1434,1/29/2018 20:20,1309.812638,16.92796292
1435,1/29/2018 20:50,1309.812638,16.92796292
1436,1/29/2018 21:20,1309.812638,16.92796292
1437,1/29/2018 21:50,1309.812638,16.92796292
1438,1/29/2018 22:20,1309.812638,16.92796292
1439,1/29/2018 22:50,1309.812638,16.92796292
1440,1/29/2018 23:20,1309.812638,16.92796292
1441,1/29/2018 23:50,1309.812638,16.92796292
1442,1/30/2018 0:20,1309.812638,16.92796292
1443,1/30/2018 0:50,1309.812638,16.92796292
1444,1/30/2018 1:20,1309.812638,16.92796292
1445,1/30/2018 1:50,1309.812638,16.92796292
1446,1/30/2018 2:20,1309.812638,16.92796292
1447,1/30/2018 2:50,1309.812638,16.92796292
1448,1/30/2018 3:20,1309.812638,16.92796292
1449,1/30/2018 3:50,1309.812638,16.92796292
1450,1/30/2018 4:20,1309.812638,16.92796292
1451,1/30/2018 4:50,1309.812638,16.92796292
1452,1/30/2018 5:20,1309.812638,16.92796292
1453,1/30/2018 5:50,1309.812638,16.92796292
1454,1/30/2018 5:50,1309.812638,16.92796292
1455,1/30/2018 6:20,1309.812638,16.92796292
1456,1/30/2018 6:20,1309.812638,16.92796292
1457,1/30/2018 6:50,1309.812638,16.92796292
1458,1/30/2018 7:20,1309.812638,16.92796292
1459,1/30/2018 7:50,1309.812638,16.92796292
1460,1/30/2018 8:20,1309.812638,16.92796292
1461,1/30/2018 8:50,1309.812638,16.92796292
1462,1/30/2018 9:20,1309.812638,16.92796292
1463,1/30/2018 9:50,1309.812638,16.92796292
1464,1/30/2018 10:20,1309.812638,16.92796292
1465,1/30/2018 10:50,1309.812638,16.92796292
1466,1/30/2018 11:20,1309.812638,16.92796292
1467,1/30/2018 11:50,1309.812638,16.92796292
1468,1/30/2018 12:20,1309.812638,16.92796292
1469,1/30/2018 12:50,1309.812638,16.92796292
1470,1/30/2018 13:20,1309.812638,16.92796292
1471,1/30/2018 13:50,1309.812638,16.92796292
1472,1/30/2018 14:20,1309.812638,16.92796292
1473,1/30/2018 14:50,436.6042127,21.16139569
1474,1/30/2018 15:20,0,21.83505364
1475,1/30/2018 15:50,0,23.94064916
1476,1/30/2018 16:20,0,27.85328031
1477,1/30/2018 16:50,0,20.82982626
1478,1/30/2018 17:20,0,30.4169634
1479,1/30/2018 17:50,0,28.55008835
1480,1/30/2018 18:20,0,25.44180765
1481,1/30/2018 18:50,0,25.11892728
1482,1/30/2018 19:20,0,25.19554235
1483,1/30/2018 19:50,0,22.11908781
1484,1/30/2018 20:20,0,21.18641224
1485,1/30/2018 20:50,0,19.10443746
1486,1/30/2018 21:20,530.6140747,14.55134936
1487,1/30/2018 21:50,1103.01298,16.2336936
1488,1/30/2018 22:20,1254.758341,16.95149983
1489,1/30/2018 22:50,1683.134359,18.92451853
1490,1/30/2018 23:20,1262.977437,16.90998024
1491,1/30/2018 23:50,922.9234212,15.2484717
1492,1/31/2018 0:20,950.0994059,15.30933012
1493,1/31/2018 0:50,325.4926046,11.48658075
1494,1/31/2018 1:20,293.719696,11.29268151
1495,1/31/2018 1:50,136.4465001,9.539186681
1496,1/31/2018 2:20,50.46276093,7.240801777
1497,1/31/2018 2:50,0,4.375876704
1498,1/31/2018 3:20,0,2.557080254
1499,1/31/2018 3:50,0,3.555865972
1500,1/31/2018 4:20,0,1.387292117
1501,1/31/2018 4:50,0,1.872426229
1502,1/31/2018 5:20,0,4.085144647
1503,1/31/2018 5:50,0,5.246448977
1504,1/31/2018 5:50,0,5.246448977
1505,1/31/2018 6:20,0,6.579471433
1506,1/31/2018 6:20,0,6.579471433
1507,1/31/2018 6:50,0,6.836849864
1508,1/31/2018 7:20,0,4.527103563
1509,1/31/2018 7:50,0,5.582312054
1510,1/31/2018 8:20,0,6.345516415
1511,1/31/2018 8:50,0,5.934947143
1512,1/31/2018 9:20,0,6.550413587
1513,1/31/2018 9:50,0,5.875814218
1514,1/31/2018 10:20,0,6.371405224
1515,1/31/2018 10:50,0,5.420073661
1516,1/31/2018 11:20,0,4.607758676
1517,1/31/2018 11:50,0,4.923791371
1518,1/31/2018 12:20,0,5.550072552
1519,1/31/2018 12:50,0,6.246944945
1520,1/31/2018 13:20,0,5.90930882
1521,1/31/2018 13:50,0,6.903672492
1522,1/31/2018 14:20,29.03971291,8.546739791
1523,1/31/2018 14:50,4.22366794,6.721843003
1524,1/31/2018 15:20,0,6.250101359
1525,1/31/2018 15:50,0,6.445955242
1526,1/31/2018 16:20,0,6.316604878
1527,1/31/2018 16:50,0,7.229770598
1528,1/31/2018 17:20,22.30404758,7.306442728
1529,1/31/2018 17:50,10.35495313,7.748818262
1530,1/31/2018 18:20,339.0581309,11.8995619
1531,1/31/2018 18:50,386.6992594,12.54876615
1532,1/31/2018 19:20,249.8790334,10.96210523
1533,1/31/2018 19:50,161.0139364,9.802873318
1534,1/31/2018 20:20,101.6815821,9.12252627
1535,1/31/2018 20:50,86.22360229,9.08754315
1536,1/31/2018 21:20,272.4906413,11.24566046
1537,1/31/2018 21:50,799.0178426,15.05477477
1538,1/31/2018 22:20,903.1051229,15.56329845
1539,1/31/2018 22:50,758.7287598,14.77664846
1540,1/31/2018 23:20,1036.66333,16.20547237
1541,1/31/2018 23:50,894.8650716,15.40790941
Temperature Dp,Humidity,Pressure,
43,41,93,29.75
43,39,87,29.75
45,39,81,29.75
45,39,81,29.75
45,41,87,29.75
48,43,87,30.05
48,43,87,30.05
45,41,87,29.75
45,41,87,29.75
45,41,87,29.75
45,41,87,29.75
45,39,81,29.72
43,39,87,29.75
41,37,87,29.72
39,37,93,29.72
41,37,87,29.72
41,39,93,29.72
43,39,87,29.72
45,39,81,29.75
45,37,76,29.75
46,39,76,29.75
46,39,76,29.75
50,39,66,29.72
50,37,62,29.72
50,37,62,29.72
50,37,62,29.7
52,37,58,29.7
52,37,58,29.7
52,39,62,29.7
52,37,58,29.67
52,37,58,29.7
52,37,58,29.7
52,36,54,29.67
50,36,58,29.67
48,39,71,29.67
48,37,66,29.67
48,39,71,29.67
46,37,71,29.67
45,37,76,29.67
45,39,81,29.64
45,37,76,29.64
45,37,76,29.64
45,37,76,29.64
45,37,76,29.64
45,37,76,29.61
45,37,76,29.61
45,36,71,29.61
45,36,71,29.61
43,37,81,29.61
45,36,71,29.61
45,36,71,29.61
43,36,76,29.58
43,36,76,29.58
48,43,87,30.05
48,43,87,30.05
41,36,81,29.58
41,36,81,29.58
43,36,76,29.58
41,36,81,29.55
41,36,81,29.55
43,36,76,29.52
43,34,70,29.52
43,36,76,29.52
45,36,71,29.52
43,34,70,29.52
43,37,81,29.52
45,37,76,29.52
46,37,71,29.52
50,39,66,29.52
52,37,58,29.52
54,37,54,29.49
55,39,54,29.49
55,39,54,29.49
55,37,51,29.49
55,39,54,29.46
59,39,48,29.46
59,37,45,29.43
59,39,48,29.46
57,41,55,29.46
57,43,59,29.46
57,43,59,29.46
57,43,59,29.46
55,43,63,29.46
54,43,67,29.46
55,43,63,29.46
54,41,62,29.46
52,41,67,29.46
54,39,58,29.46
54,39,58,29.46
52,41,67,29.46
52,41,67,29.46
50,41,71,29.46
52,43,71,29.46
50,43,76,29.46
52,41,67,29.46
52,41,67,29.46
50,39,66,29.46
50,41,71,29.46
52,41,67,29.46
50,41,71,29.46
48,41,76,29.46
48,43,87,30.05
48,43,87,30.05
48,41,76,29.43
50,41,71,29.43
50,43,76,29.46
50,45,82,29.43
48,43,82,29.43
46,45,93,29.43
46,45,93,29.43
46,45,93,29.43
46,45,93,29.43
48,45,87,29.43
48,45,87,29.43
50,45,82,29.43
48,45,87,29.46
50,46,87,29.46
48,46,93,29.46
48,46,93,29.46
52,48,88,29.46
52,46,82,29.46
52,46,82,29.43
55,46,72,29.43
55,45,67,29.43
55,46,72,29.4
54,45,72,29.4
54,46,77,29.4
54,46,77,29.4
54,46,77,29.4
54,46,77,29.4
50,46,87,29.4
50,46,87,29.4
50,46,87,29.4
48,46,93,29.4
48,46,93,29.4
48,46,93,29.4
48,46,93,29.43
48,46,93,29.43
48,46,93,29.43
48,46,93,29.43
48,46,93,29.43
48,46,93,29.43
48,46,93,29.43
48,46,93,29.43
46,46,100,29.4
46,45,93,29.4
46,45,93,29.37
46,46,100,29.4
46,46,100,29.37
48,43,87,30.05
48,43,87,30.05
46,45,93,29.37
46,46,100,29.37
46,46,100,29.37
48,46,93,29.34
46,45,93,29.34
46,46,100,29.34
46,45,93,29.34
48,46,93,29.34
48,46,93,29.34
48,46,93,29.34
48,46,93,29.34
48,46,93,29.34
48,46,93,29.37
50,46,87,29.37
50,46,87,29.37
50,46,87,29.34
50,45,82,29.34
52,45,76,29.34
52,45,76,29.34
52,45,76,29.32
54,45,72,29.32
54,43,67,29.32
54,45,72,29.32
54,43,67,29.32
52,41,67,29.32
50,45,82,29.32
50,45,82,29.32
48,45,87,29.32
48,45,87,29.32
48,45,87,29.34
48,45,87,29.34
48,45,87,29.34
48,45,87,29.37
48,45,87,29.37
48,45,87,29.37
48,45,87,29.37
48,45,87,29.4
48,45,87,29.4
48,45,87,29.4
48,43,82,29.43
48,43,82,29.43
48,43,82,29.43
48,43,82,29.43
48,43,82,29.43
48,43,82,29.43
46,43,87,29.43
48,43,87,30.05
48,43,87,30.05
46,43,87,29.46
46,43,87,29.46
46,43,87,29.46
46,43,87,29.46
46,43,87,29.46
46,43,87,29.46
46,43,87,29.46
46,41,81,29.49
46,43,87,29.49
46,43,87,29.49
46,43,87,29.52
45,43,93,29.52
45,43,93,29.55
45,41,87,29.55
45,41,87,29.55
45,41,87,29.55
46,41,81,29.58
46,41,81,29.58
46,41,81,29.58
46,41,81,29.58
46,41,81,29.58
46,41,81,29.58
46,41,81,29.58
48,41,76,29.58
48,43,82,29.61
48,41,76,29.61
48,43,82,29.61
48,43,82,29.61
48,41,76,29.64
48,41,76,29.64
46,41,81,29.64
46,39,76,29.64
46,41,81,29.67
46,41,81,29.67
45,39,81,29.67
45,39,81,29.67
45,41,87,29.67
43,39,87,29.7
45,41,87,29.7
43,37,81,29.72
43,37,81,29.72
41,37,87,29.72
39,37,93,29.72
41,39,93,29.72
41,39,93,29.75
41,39,93,29.75
37,36,93,29.75
37,36,93,29.75
48,43,87,30.05
48,43,87,30.05
39,37,93,29.75
39,37,93,29.75
37,36,93,29.75
37,36,93,29.75
39,37,93,29.75
37,36,93,29.78
37,37,100,29.75
37,36,93,29.78
36,34,93,29.78
37,36,93,29.78
36,36,100,29.78
37,36,93,29.81
39,37,93,29.81
43,41,93,29.81
48,43,82,29.81
48,41,76,29.84
48,41,76,29.84
48,41,76,29.84
48,41,76,29.84
50,39,66,29.84
52,41,67,29.84
52,41,67,29.84
52,41,67,29.84
52,41,67,29.81
54,41,62,29.81
55,37,51,29.81
54,37,54,29.84
55,37,51,29.84
54,41,62,29.84
50,39,66,29.84
48,39,71,29.84
46,39,76,29.84
45,41,87,29.84
45,39,81,29.84
45,39,81,29.84
45,39,81,29.87
45,39,81,29.87
45,39,81,29.87
41,37,87,29.87
43,39,87,29.9
43,39,87,29.9
41,37,87,29.9
43,39,87,29.9
43,39,87,29.9
45,39,81,29.9
46,37,71,29.9
46,37,71,29.9
48,37,66,29.9
48,43,87,30.05
48,43,87,30.05
46,37,71,29.9
46,36,66,29.9
48,36,62,29.9
50,37,62,29.9
48,36,62,29.9
45,36,71,29.9
46,36,66,29.9
43,37,81,29.9
46,37,71,29.93
45,39,81,29.93
45,39,81,29.93
45,41,87,29.93
46,39,76,29.96
52,39,62,29.96
54,37,54,29.96
54,39,58,29.96
54,37,54,29.99
55,37,51,29.99
57,37,48,29.99
59,37,45,29.99
59,37,45,29.99
59,37,45,29.99
59,37,45,29.99
59,37,45,29.99
59,37,45,29.99
59,37,45,29.99
57,37,48,29.99
57,37,48,29.99
57,37,48,29.99
55,37,51,30.02
54,37,54,30.02
50,37,62,30.02
50,39,66,30.05
50,39,66,30.05
48,39,71,30.05
48,39,71,30.05
50,39,66,30.05
48,39,71,30.05
46,39,76,30.05
46,39,76,30.05
50,39,66,30.05
48,39,71,30.05
50,39,66,30.05
50,39,66,30.05
48,39,71,30.05
48,39,71,30.07
46,39,76,30.07
46,39,76,30.07
48,43,87,30.05
48,43,87,30.05
48,39,71,30.07
48,39,71,30.07
48,41,76,30.07
46,39,76,30.07
50,41,71,30.1
48,43,82,30.1
50,43,76,30.1
48,45,87,30.1
48,43,82,30.1
48,45,87,30.13
48,43,82,30.13
50,43,76,30.13
50,43,76,30.13
52,45,76,30.13
54,43,67,30.13
55,43,63,30.13
55,43,63,30.13
57,43,59,30.13
57,43,59,30.13
57,43,59,30.1
57,45,63,30.1
57,45,63,30.1
57,43,59,30.1
57,45,63,30.1
57,45,63,30.1
57,45,63,30.07
57,45,63,30.07
59,45,59,30.07
55,45,67,30.1
54,45,72,30.07
54,45,72,30.07
52,45,76,30.07
50,45,82,30.07
50,45,82,30.07
52,45,76,30.07
50,45,82,30.1
50,45,82,30.07
48,45,87,30.07
50,45,82,30.07
50,45,82,30.07
46,43,87,30.07
48,45,87,30.07
48,45,87,30.07
48,45,87,30.05
48,43,82,30.05
48,45,87,30.05
50,43,76,30.05
46,43,87,30.05
48,43,87,30.05
48,43,87,30.05
46,43,87,30.05
46,43,87,30.05
48,43,82,30.07
46,43,87,30.05
46,43,87,30.07
46,43,87,30.07
48,43,82,30.07
48,43,82,30.07
50,43,76,30.07
52,41,67,30.1
48,43,82,30.1
52,41,67,30.1
52,43,71,30.1
50,45,82,30.13
50,45,82,30.13
52,45,76,30.13
52,48,88,30.13
50,48,94,30.13
50,48,94,30.13
50,46,87,30.13
50,46,87,30.13
50,46,87,30.13
50,46,87,30.13
52,46,82,30.1
50,46,87,30.13
50,46,87,30.13
50,46,87,30.13
48,46,93,30.13
48,46,93,30.13
48,46,93,30.13
48,46,93,30.13
48,46,93,30.13
48,46,93,30.16
48,46,93,30.13
48,46,93,30.13
50,46,87,30.13
50,46,87,30.13
48,46,93,30.13
48,46,93,30.13
48,46,93,30.1
48,46,93,30.1
48,46,93,30.1
48,46,93,30.1
48,46,93,30.07
48,46,93,30.07
48,46,93,30.07
48,46,93,30.05
48,45,87,30.05
48,43,87,30.05
48,43,87,30.05
48,45,87,30.05
48,45,87,30.05
48,45,87,30.02
48,45,87,30.02
48,45,87,30.02
48,45,87,29.99
48,45,87,29.99
48,45,87,29.96
48,45,87,29.96
48,45,87,29.96
48,45,87,29.96
46,45,93,29.96
48,45,87,29.96
48,45,87,29.93
48,43,82,29.93
48,43,82,29.93
50,43,76,29.9
50,43,76,29.9
50,43,76,29.87
50,43,76,29.87
50,43,76,29.84
50,43,76,29.81
52,43,71,29.81
52,45,76,29.81
50,43,76,29.78
52,43,71,29.78
50,43,76,29.78
50,45,82,29.78
50,43,76,29.72
50,45,82,29.72
50,43,76,29.72
48,45,87,29.72
48,43,82,29.72
48,43,82,29.72
46,43,87,29.7
46,45,93,29.7
48,45,87,29.7
46,43,87,29.7
46,43,87,29.67
46,43,87,29.67
46,43,87,29.7
46,43,87,29.67
46,43,87,29.67
46,43,87,29.67
43,41,93,29.67
43,41,93,29.64
43,41,93,29.64
45,43,93,29.64
48,43,87,30.05
48,43,87,30.05
46,41,81,29.64
46,39,76,29.64
46,41,81,29.64
46,43,87,29.61
46,43,87,29.61
45,41,87,29.61
43,41,93,29.61
45,41,87,29.58
48,37,66,29.58
46,36,66,29.58
48,36,62,29.58
46,37,71,29.58
46,37,71,29.58
50,37,62,29.55
52,37,58,29.55
52,36,54,29.55
52,37,58,29.55
54,37,54,29.55
54,37,54,29.55
54,37,54,29.55
54,36,51,29.52
55,37,51,29.52
54,37,54,29.52
55,39,54,29.49
55,39,54,29.49
55,39,54,29.52
54,39,58,29.52
52,43,71,29.52
50,45,82,29.52
50,45,82,29.52
50,45,82,29.52
48,46,93,29.52
48,46,93,29.52
48,46,93,29.52
48,46,93,29.55
48,46,93,29.55
48,46,93,29.55
48,46,93,29.55
48,46,93,29.55
48,46,93,29.55
48,46,93,29.55
48,46,93,29.55
48,46,93,29.55
48,46,93,29.55
48,46,93,29.55
48,46,93,29.55
48,46,93,29.58
48,46,93,29.58
48,43,87,30.05
48,43,87,30.05
48,46,93,29.58
48,46,93,29.58
48,46,93,29.58
48,46,93,29.58
48,46,93,29.61
48,46,93,29.61
46,93,29.61,
48,46,93,29.61
48,46,93,29.64
48,46,93,29.64
48,46,93,29.64
48,46,93,29.64
48,46,93,29.67
48,46,93,29.67
48,46,93,29.67
48,46,93,29.7
48,46,93,29.7
50,48,94,29.67
50,48,94,29.67
50,46,87,29.67
48,46,93,29.7
48,46,93,29.7
50,46,87,29.7
48,46,93,29.7
50,48,94,29.7
50,48,94,29.7
50,46,87,29.72
50,46,87,29.72
48,48,100,29.72
48,46,93,29.72
48,48,100,29.75
48,46,93,29.75
48,46,93,29.75
48,46,93,29.75
48,45,87,29.78
46,45,93,29.78
46,45,93,29.78
46,45,93,29.81
46,45,93,29.81
46,45,93,29.81
46,43,87,29.81
45,43,93,29.81
45,43,93,29.81
45,41,87,29.81
45,41,87,29.81
45,43,93,29.81
45,43,93,29.81
48,43,87,30.05
48,43,87,30.05
45,43,93,29.81
45,43,93,29.81
45,43,93,29.81
45,43,93,29.81
45,43,93,29.81
45,41,87,29.81
45,41,87,29.81
45,41,87,29.81
45,43,93,29.81
45,43,93,29.81
45,43,93,29.81
45,43,93,29.81
45,43,93,29.81
45,43,93,29.81
46,43,87,29.81
46,43,87,29.81
46,43,87,29.81
46,43,87,29.81
46,43,87,29.78
46,43,87,29.78
46,43,87,29.78
46,43,87,29.75
46,43,87,29.75
46,43,87,29.75
46,43,87,29.75
45,41,87,29.75
45,41,87,29.75
45,41,87,29.75
45,41,87,29.75
43,41,93,29.75
43,41,93,29.75
43,41,93,29.75
43,41,93,29.75
43,41,93,29.78
43,41,93,29.75
43,41,93,29.75
43,39,87,29.75
41,39,93,29.75
41,39,93,29.75
41,39,93,29.75
41,39,93,29.75
41,39,93,29.78
41,39,93,29.75
41,39,93,29.75
41,39,93,29.75
41,37,87,29.75
41,37,87,29.75
41,37,87,29.75
48,43,87,30.05
48,43,87,30.05
41,37,87,29.75
41,37,87,29.75
41,37,87,29.78
41,37,87,29.78
41,37,87,29.78
39,37,93,29.78
39,37,93,29.78
39,37,93,29.81
39,37,93,29.81
39,36,87,29.81
39,36,87,29.84
39,36,87,29.84
39,36,87,29.84
39,36,87,29.87
39,36,87,29.87
39,36,87,29.87
39,37,93,29.87
39,36,87,29.87
39,36,87,29.87
39,36,87,29.87
39,36,87,29.87
39,36,87,29.87
39,36,87,29.87
39,36,87,29.9
39,34,81,29.9
39,34,81,29.9
39,34,81,29.93
39,34,81,29.93
39,36,87,29.93
39,32,75,29.96
39,34,81,29.96
39,32,75,29.96
37,34,87,29.99
39,32,75,29.99
37,34,87,29.99
37,34,87,29.99
39,30,70,29.99
39,30,70,30.02
37,30,75,30.02
37,32,81,30.02
37,30,75,30.02
37,32,81,30.02
36,30,81,30.05
36,30,81,30.05
36,30,81,30.05
36,30,81,30.05
36,30,81,30.05
36,30,81,30.05
48,43,87,30.05
48,43,87,30.05
36,30,81,30.05
36,32,87,30.05
36,32,87,30.05
36,32,87,30.05
36,32,87,30.05
36,32,87,30.05
36,30,81,30.05
36,32,87,30.05
36,32,87,30.05
36,32,87,30.05
37,32,81,30.05
37,32,81,30.05
37,32,81,30.07
37,32,81,30.07
39,32,75,30.07
39,32,75,30.07
41,32,70,30.07
41,32,70,30.05
41,28,61,30.05
43,25,49,30.05
43,25,49,30.05
45,27,49,30.02
43,28,57,30.02
43,28,57,30.02
43,30,61,30.02
45,30,57,29.99
43,30,61,30.02
43,30,61,30.02
43,30,61,29.99
41,30,65,29.99
41,30,65,29.99
39,30,70,29.99
39,30,70,29.99
37,30,75,29.99
37,30,75,29.99
39,30,70,29.99
39,30,70,29.99
39,30,70,29.99
39,30,70,29.96
39,30,70,29.96
39,30,70,29.96
39,30,70,29.96
39,32,75,29.96
39,32,75,29.93
37,32,81,29.93
39,32,75,29.93
39,32,75,29.9
39,32,75,29.9
48,43,87,30.05
48,43,87,30.05
37,32,81,29.9
39,32,75,29.87
39,32,75,29.87
37,32,81,29.84
39,32,75,29.84
37,32,81,29.81
39,32,75,29.84
41,32,70,29.81
39,32,75,29.81
39,32,75,29.78
39,32,75,29.78
41,34,76,29.78
43,34,70,29.78
45,36,71,29.78
45,37,76,29.78
45,39,81,29.78
45,41,87,29.75
46,41,81,29.75
46,39,76,29.75
46,41,81,29.72
46,41,81,29.7
46,41,81,29.7
48,41,76,29.67
46,43,87,29.67
46,43,87,29.67
46,43,87,29.67
46,45,93,29.64
48,43,82,29.64
48,43,82,29.64
48,43,82,29.64
48,43,82,29.64
48,43,82,29.64
48,43,82,29.64
48,43,82,29.61
48,43,82,29.61
48,41,76,29.61
48,41,76,29.61
48,41,76,29.58
48,43,82,29.58
48,43,82,29.58
48,41,76,29.55
48,41,76,29.58
48,41,76,29.55
48,41,76,29.55
48,41,76,29.55
48,41,76,29.55
48,41,76,29.55
48,43,82,29.55
48,43,87,30.05
48,43,87,30.05
48,41,76,29.52
50,43,76,29.52
50,43,76,29.49
50,43,76,29.49
50,41,71,29.49
50,41,71,29.49
48,41,76,29.49
48,41,76,29.49
48,41,76,29.46
48,41,76,29.46
48,41,76,29.46
50,41,71,29.46
50,41,71,29.46
50,41,71,29.46
50,41,71,29.46
54,43,67,29.46
55,43,63,29.46
55,43,63,29.43
55,43,63,29.43
55,45,67,29.43
57,45,63,29.4
57,43,59,29.37
57,43,59,29.37
57,43,59,29.34
59,43,55,29.34
57,43,59,29.32
57,43,59,29.32
57,41,55,29.29
57,41,55,29.29
55,41,58,29.26
55,41,58,29.26
55,41,58,29.23
55,43,63,29.23
54,45,72,29.23
52,43,71,29.2
54,43,67,29.2
52,45,76,29.17
52,45,76,29.17
52,45,76,29.14
52,45,76,29.14
52,45,76,29.11
54,43,67,29.08
54,43,67,29.08
54,43,67,29.05
54,43,67,29.05
55,43,63,29.02
59,43,55,28.99
57,43,59,28.99
48,43,87,30.05
48,43,87,30.05
55,43,63,28.97
55,45,67,28.97
55,45,67,28.94
55,45,67,28.91
55,45,67,28.91
52,48,88,28.91
55,46,72,28.88
48,46,93,28.91
46,41,81,28.94
43,39,87,28.97
43,37,81,28.97
43,36,76,28.99
43,37,81,29.02
43,37,81,29.05
41,36,81,29.08
41,36,81,29.11
41,36,81,29.14
41,36,81,29.17
41,36,81,29.2
41,36,81,29.2
39,34,81,29.23
39,34,81,29.23
39,34,81,29.23
39,34,81,29.26
39,36,87,29.29
39,36,87,29.32
39,36,87,29.34
39,36,87,29.37
39,36,87,29.37
39,36,87,29.4
41,36,81,29.4
41,34,76,29.43
43,34,70,29.43
41,34,76,29.46
43,32,66,29.46
43,32,66,29.46
43,32,66,29.49
41,30,65,29.49
41,30,65,29.52
41,28,61,29.52
41,28,61,29.52
39,28,65,29.55
39,28,65,29.55
39,28,65,29.55
39,28,65,29.55
39,28,65,29.55
39,28,65,29.55
39,28,65,29.58
48,43,87,30.05
48,43,87,30.05
39,28,65,29.58
39,28,65,29.58
37,28,70,29.58
37,28,70,29.58
37,27,65,29.58
37,28,70,29.61
37,28,70,29.58
36,28,75,29.61
36,28,75,29.61
34,27,75,29.61
36,28,75,29.64
39,28,65,29.64
43,28,57,29.64
43,30,61,29.64
45,28,53,29.64
45,27,49,29.64
46,27,46,29.64
46,27,46,29.67
46,27,46,29.67
46,25,43,29.67
48,27,43,29.67
48,25,40,29.67
48,25,40,29.67
50,28,43,29.67
50,27,40,29.67
50,27,40,29.67
50,27,40,29.67
50,28,43,29.67
50,28,43,29.7
48,28,46,29.7
46,28,50,29.7
46,30,53,29.7
45,30,57,29.7
45,32,61,29.67
45,28,53,29.67
45,30,57,29.67
45,28,53,29.67
45,28,53,29.67
43,27,53,29.7
43,28,57,29.67
41,28,61,29.7
41,28,61,29.67
39,28,65,29.67
39,28,65,29.67
39,28,65,29.67
39,30,70,29.67
41,30,65,29.67
41,30,65,29.67
48,43,87,30.05
48,43,87,30.05
39,28,65,29.67
39,30,70,29.67
37,28,70,29.67
39,28,65,29.67
43,27,53,29.67
43,23,46,29.67
43,23,46,29.67
43,25,49,29.64
43,25,49,29.67
43,23,46,29.64
43,23,46,29.64
45,23,43,29.64
45,25,46,29.67
46,25,43,29.64
48,27,43,29.64
50,27,40,29.64
50,27,40,29.64
52,28,41,29.64
52,32,47,29.64
54,30,41,29.64
54,30,41,29.61
54,32,44,29.61
55,34,44,29.61
57,36,44,29.58
57,37,48,29.58
55,37,51,29.58
55,36,47,29.58
55,36,47,29.58
55,36,47,29.58
55,36,47,29.55
54,34,47,29.55
54,36,51,29.55
55,34,44,29.55
55,36,47,29.55
54,36,51,29.55
54,37,54,29.52
54,36,51,29.52
54,36,51,29.52
54,39,58,29.52
54,39,58,29.49
54,41,62,29.49
54,39,58,29.49
54,41,62,29.49
55,43,63,29.49
55,45,67,29.49
55,46,72,29.49
55,46,72,29.49
55,46,72,29.49
48,43,87,30.05
48,43,87,30.05
55,46,72,29.49
46,41,81,29.55
39,87,29.58,
43,41,93,29.58
43,41,93,29.58
41,39,93,29.61
41,39,93,29.61
41,41,100,29.61
41,39,93,29.61
43,41,93,29.61
43,41,93,29.61
43,41,93,29.61
43,41,93,29.61
43,41,93,29.61
45,41,87,29.61
45,41,87,29.61
45,41,87,29.61
45,43,93,29.58
45,43,93,29.55
45,43,93,29.55
45,43,93,29.52
46,43,87,29.52
46,45,93,29.52
46,45,93,29.49
46,45,93,29.46
46,46,100,29.46
48,46,93,29.46
48,46,93,29.43
48,46,93,29.43
50,46,87,29.4
50,46,87,29.4
50,46,87,29.37
50,46,87,29.37
50,46,87,29.37
50,46,87,29.34
50,45,82,29.34
50,45,82,29.32
50,45,82,29.32
50,45,82,29.32
50,45,82,29.29
50,45,82,29.29
50,45,82,29.29
50,45,82,29.26
48,45,87,29.26
50,43,76,29.23
50,43,76,29.2
48,43,82,29.2
50,43,76,29.2
48,43,87,30.05
48,43,87,30.05
54,43,67,29.2
52,43,71,29.2
46,43,87,29.2
46,43,87,29.17
46,43,87,29.17
46,43,87,29.17
46,43,87,29.17
45,43,93,29.17
46,45,93,29.17
46,45,93,29.17
46,45,93,29.17
46,45,93,29.17
48,45,87,29.17
48,45,87,29.17
48,45,87,29.17
50,46,87,29.17
50,46,87,29.17
48,46,93,29.2
50,46,87,29.2
48,46,93,29.17
46,43,87,29.17
45,41,87,29.2
45,41,87,29.2
43,41,93,29.2
43,41,93,29.2
43,41,93,29.23
45,41,87,29.26
45,41,87,29.26
45,41,87,29.29
45,43,93,29.29
46,43,87,29.32
45,41,87,29.32
45,41,87,29.32
45,41,87,29.32
45,41,87,29.34
43,41,93,29.34
43,39,87,29.37
43,39,87,29.37
43,39,87,29.4
41,39,93,29.4
41,37,87,29.43
41,37,87,29.43
41,37,87,29.46
41,37,87,29.49
41,37,87,29.49
41,37,87,29.49
41,37,87,29.52
41,37,87,29.52
48,43,87,30.05
48,43,87,30.05
39,37,93,29.55
39,36,87,29.55
39,36,87,29.55
39,36,87,29.55
39,36,87,29.58
39,36,87,29.61
39,36,87,29.58
39,36,87,29.61
39,34,81,29.64
39,34,81,29.64
39,34,81,29.67
39,34,81,29.67
39,34,81,29.67
39,34,81,29.67
39,34,81,29.7
41,34,76,29.7
41,34,76,29.72
41,34,76,29.72
41,34,76,29.72
41,32,70,29.72
41,34,76,29.72
39,34,81,29.75
41,36,81,29.75
41,32,70,29.75
41,34,76,29.75
39,34,81,29.75
41,32,70,29.78
39,32,75,29.78
39,30,70,29.81
39,30,70,29.81
39,30,70,29.84
39,28,65,29.84
39,30,70,29.84
39,30,70,29.87
39,30,70,29.87
39,30,70,29.87
39,30,70,29.87
39,30,70,29.9
39,30,70,29.9
39,28,65,29.9
39,28,65,29.9
39,28,65,29.9
39,28,65,29.93
39,28,65,29.93
37,27,65,29.93
37,27,65,29.93
37,27,65,29.93
37,25,60,29.93
48,43,87,30.05
48,43,87,30.05
37,27,65,29.96
37,27,65,29.96
37,28,70,29.93
37,28,70,29.93
37,28,70,29.96
37,28,70,29.96
37,28,70,29.96
37,28,70,29.96
37,28,70,29.96
37,28,70,29.99
37,30,75,29.99
37,28,70,29.99
37,30,75,30.02
37,30,75,30.02
37,30,75,30.02
39,30,70,30.05
37,32,81,30.05
39,32,75,30.05
34,32,93,30.05
36,34,93,30.05
37,34,87,30.05
39,34,81,30.05
41,32,70,30.02
41,34,76,30.02
39,32,75,30.02
37,30,75,30.02
41,28,61,30.05
39,30,70,30.05
37,30,75,30.05
37,27,65,30.05
37,28,70,30.05
37,30,75,30.07
36,30,81,30.07
36,28,75,30.07
37,27,65,30.07
37,27,65,30.07
36,28,75,30.1
36,25,65,30.1
36,23,60,30.1
36,25,65,30.1
36,23,60,30.1
37,23,56,30.07
36,23,60,30.07
36,21,56,30.07
37,21,52,30.07
37,21,52,30.07
37,21,52,30.05
37,21,52,30.05
48,43,87,30.05
48,43,87,30.05
37,23,56,30.07
37,23,56,30.07
37,21,52,30.05
37,23,56,30.05
37,19,48,30.05
37,23,56,30.05
37,19,48,30.05
37,23,56,30.05
37,23,56,30.05
37,21,52,30.05
37,19,48,30.05
37,19,48,30.05
37,21,52,30.05
37,23,56,30.05
37,25,60,30.05
37,21,52,30.05
41,19,42,30.05
39,23,52,30.05
41,19,42,30.05
39,21,49,30.02
39,23,52,30.02
39,21,49,30.02
41,23,49,29.99
39,21,49,29.99
41,23,49,29.99
41,21,45,29.99
39,21,49,29.99
39,21,49,29.99
39,21,49,29.99
37,23,56,29.99
37,25,60,29.96
37,25,60,29.96
37,25,60,29.96
37,27,65,29.96
37,27,65,29.99
34,30,87,29.99
36,32,87,29.99
34,32,93,29.99
34,32,93,29.99
34,32,93,29.99
34,32,93,29.99
34,30,87,29.99
34,27,75,29.96
34,25,70,29.96
34,23,65,29.96
34,23,65,29.96
34,23,65,29.96
34,23,65,29.96
48,43,87,30.05
48,43,87,30.05
34,23,65,29.96
34,23,65,29.96
34,23,65,29.96
34,23,65,29.96
34,23,65,29.96
34,23,65,29.96
34,23,65,29.96
34,23,65,29.96
36,23,60,29.96
36,25,65,29.96
36,25,65,29.96
36,25,65,29.96
37,25,60,29.96
37,27,65,29.96
36,27,70,29.99
37,28,70,29.99
36,32,87,29.99
37,30,75,29.99
39,30,70,29.99
39,27,61,29.96
39,25,56,29.96
41,25,53,29.96
41,25,53,29.96
41,25,53,29.96
41,25,53,29.96
39,27,61,29.96
39,25,56,29.96
39,23,52,29.96
39,23,52,29.96
39,23,52,29.99
39,27,61,29.99
37,27,65,29.99
36,32,87,30.02
36,32,87,30.02
36,32,87,30.02
36,30,81,30.02
36,32,87,30.02
36,32,87,30.02
36,30,81,30.02
36,30,81,30.02
36,30,81,30.02
36,30,81,30.05
36,30,81,30.05
36,30,81,30.05
36,30,81,30.05
36,30,81,30.05
36,30,81,30.05
36,30,81,30.05
48,43,87,30.05
48,43,87,30.05
36,30,81,30.05
36,30,81,30.05
36,30,81,30.05
36,30,81,30.05
36,30,81,30.05
36,30,81,30.05
36,30,81,30.05
36,30,81,30.07
37,30,75,30.07
37,30,75,30.07
37,30,75,30.07
37,30,75,30.1
37,32,81,30.1
37,32,81,30.1
37,32,81,30.1
37,32,81,30.13
39,32,75,30.13
39,32,75,30.13
39,32,75,30.13
39,32,75,30.13
39,32,75,30.1
39,32,75,30.1
39,32,75,30.1
41,32,70,30.1
41,32,70,30.1
41,32,70,30.1
41,32,70,30.1
41,32,70,30.13
39,32,75,30.13
39,32,75,30.13
39,32,75,30.13
39,32,75,30.13
39,32,75,30.13
39,32,75,30.16
41,32,70,30.16
39,32,75,30.16
39,30,70,30.16
39,30,70,30.16
37,30,75,30.16
37,30,75,30.16
37,30,75,30.16
37,30,75,30.16
36,30,81,30.16
34,30,87,30.16
36,30,81,30.16
34,30,87,30.16
34,30,87,30.16
36,28,75,30.16
48,43,87,30.05
48,43,87,30.05
34,30,87,30.16
34,28,81,30.16
34,28,81,30.16
34,28,81,30.13
32,28,87,30.13
34,28,81,30.13
32,28,87,30.13
32,28,87,30.13
34,28,81,30.16
34,28,81,30.16
32,28,87,30.16
36,30,81,30.16
36,30,81,30.16
37,30,75,30.16
39,30,70,30.16
41,30,65,30.16
43,32,66,30.16
45,32,61,30.16
45,32,61,30.16
45,32,61,30.16
46,32,57,30.13
46,32,57,30.13
46,32,57,30.13
46,34,62,30.13
46,34,62,30.1
46,34,62,30.1
45,36,71,30.1
45,36,71,30.1
43,36,76,30.1
43,34,70,30.1
43,36,76,30.1
41,37,87,30.1
41,36,81,30.1
41,37,87,30.1
39,36,87,30.1
39,36,87,30.1
37,36,93,30.1
37,36,93,30.1
39,36,87,30.1
37,36,93,30.1
37,34,87,30.07
37,34,87,30.1
37,36,93,30.1
36,34,93,30.07
34,32,93,30.07
34,32,93,30.07
32,30,93,30.07
34,32,93,30.07
48,43,87,30.05
48,43,87,30.05
36,34,93,30.07
36,34,93,30.07
32,30,93,30.07
32,30,93,30.07
34,32,93,30.07
34,32,93,30.05
32,30,93,30.07
36,34,93,30.05
36,36,100,30.05
36,34,93,30.05
37,36,93,30.05
37,36,93,30.05
39,36,87,30.07
41,37,87,30.05
43,39,87,30.05
43,39,87,30.07
45,37,76,30.07
45,37,76,30.07
45,37,76,30.07
46,39,76,30.05
46,39,76,30.05
46,39,76,30.05
46,39,76,30.02
48,37,66,30.02
48,36,62,30.02
48,36,62,30.02
48,34,57,30.02
48,37,66,29.99
46,39,76,29.99
45,39,81,29.99
45,37,76,29.99
43,37,81,29.99
41,37,87,29.99
43,39,87,29.99
43,39,87,29.99
43,39,87,29.99
41,37,87,29.99
41,39,93,29.99
41,37,87,29.99
41,37,87,29.99
41,37,87,29.99
39,37,93,29.99
39,37,93,29.96
41,39,93,29.96
39,37,93,29.96
39,37,93,29.96
37,36,93,29.96
39,36,87,29.96
48,43,87,30.05
48,43,87,30.05
37,34,87,29.93
39,36,87,29.93
37,36,93,29.93
37,36,93,29.93
39,36,87,29.93
39,36,87,29.9
39,36,87,29.93
39,36,87,29.9
39,36,87,29.9
39,36,87,29.9
39,36,87,29.9
39,37,93,29.9
43,37,81,29.9
45,37,76,29.9
46,36,66,29.9
48,37,66,29.9
50,37,62,29.9
52,36,54,29.9
54,36,51,29.9
54,36,51,29.87
55,36,47,29.87
55,34,44,29.84
55,36,47,29.84
55,36,47,29.84
55,37,51,29.84
54,36,51,29.84
55,36,47,29.84
55,36,47,29.81
55,36,47,29.84
52,36,54,29.84
50,36,58,29.84
48,39,71,29.84
48,41,76,29.84
48,41,76,29.84
46,41,81,29.87
46,41,81,29.84
48,41,76,29.87
48,39,71,29.87
46,39,76,29.87
46,39,76,29.87
48,39,71,29.87
46,41,81,29.9
48,41,76,29.9
48,43,82,29.9
48,43,82,29.9
46,43,87,29.9
46,43,87,29.9
45,41,87,29.93
48,43,87,30.05
48,43,87,30.05
43,41,93,29.93
41,39,93,29.93
41,39,93,29.93
43,41,93,29.9
41,39,93,29.9
39,37,93,29.9
41,39,93,29.9
39,37,93,29.9
41,37,87,29.9
39,37,93,29.93
39,37,93,29.93
39,37,93,29.93
41,39,93,29.93
43,41,93,29.96
46,43,87,29.96
46,43,87,29.96
48,43,82,29.96
50,41,71,29.96
50,41,71,29.96
52,41,67,29.96
54,41,62,29.93
54,43,67,29.93
54,43,67,29.93
55,43,63,29.9
54,43,67,29.9
54,45,72,29.9
52,43,71,29.9
52,43,71,29.9
52,43,71,29.9
50,43,76,29.9
50,34,54,29.9
48,32,54,29.87
46,32,57,29.87
46,32,57,29.87
45,30,57,29.87
45,30,57,29.87
45,30,57,29.87
43,30,61,29.87
45,30,57,29.87
43,30,61,29.87
43,28,57,29.87
43,30,61,29.87
41,30,65,29.87
